00000E	Fujitsu
000039	Toshiba
000048	EPSON
000054	Schneider
000085	Canon
000087	Hitachi
000095	SONY
000097	DELL
0000DD	TCL
0000E2	Acer
0000F0	Samsung
000123	Schneider
000124	Acer
000144	DELL
00014A	SONY
000185	Hitachi
0001E3	Siemens
0001E6	HP
0001E7	HP
000205	Hitachi
000220	Canon
000255	IBM
00026C	Philips
000278	Samsung
0002A3	Hitachi
0002A5	HP
0002B3	Intel
0002D1	vivo
0002DC	Fujitsu
0002EE	Nokia
000346	Hitachi
000347	Intel
000393	Apple
0003FF	Microsoft
00040F	ASUS
00041F	SONY
000423	Intel
00047D	Motorola
0004AC	IBM
0004D5	Hitachi
0004EA	HP
000502	Apple
000519	Siemens
00054E	Philips
00055D	D-Link
0005B5	Broadcom
0005C9	LG
0005FC	ASUS
000600	Toshiba
00061B	Lenovo
000629	IBM
00065B	DELL
0006FB	Hitachi
0007AB	Samsung
0007E9	Intel
000802	HP
00080D	Toshiba
000874	DELL
000883	HP
0008C6	Philips
0008C7	HP
0008F7	Hitachi
000918	Samsung
00092D	HTC
00095B	NETGEAR
00095C	Philips
00096B	IBM
0009BF	Nintendo
0009FB	Philips
000A00	MediaTek
000A0E	vivo
000A27	Apple
000A28	Motorola
000A56	Hitachi
000A57	HP
000A95	Apple
000AD9	SONY
000AE0	Fujitsu
000AEB	TP-LINK
000AF7	Broadcom
000B23	Siemens
000B5D	Fujitsu
000B86	Aruba
000BA3	Siemens
000BCD	HP
000BDB	DELL
000BE1	Nokia
000C09	Hitachi
000C6E	ASUS
000C76	MSI
000C81	Schneider
000CE7	MediaTek
000CF1	Intel
000D3A	Microsoft
000D41	Siemens
000D56	DELL
000D57	Fujitsu
000D60	IBM
000D88	D-Link
000D93	Apple
000D9D	HP
000DAE	Samsung
000DB6	Broadcom
000DE5	Samsung
000E07	SONY
000E0C	Intel
000E1F	TCL
000E35	Intel
000E66	Hitachi
000E7B	Toshiba
000E7F	HP
000E8C	Siemens
000EA6	ASUS
000EB3	HP
000EC7	Motorola
000EED	Nokia
000F12	Panasonic
000F1F	DELL
000F20	HP
000F3D	D-Link
000F61	HP
000FA0	Canon
000FB5	NETGEAR
000FBB	Nokia
000FDE	SONY
000FE2	H3C
000FE5	Mercury
001018	Broadcom
00102D	Hitachi
001055	Fujitsu
001083	HP
00108C	Fujitsu
001092	netcore
0010B3	Nokia
0010D9	IBM
0010DC	MSI
0010E3	HP
0010FA	Apple
001100	Schneider
001106	Siemens
001109	MSI
00110A	HP
001111	Intel
001124	Apple
001125	IBM
00112F	ASUS
001132	Synology
001133	Siemens
001143	DELL
001175	Intel
001185	HP
001195	D-Link
00119F	Nokia
0011D8	ASUS
001237	TI
00123F	DELL
001247	Samsung
001248	DELL
00124B	TI
001256	LG
00125A	Microsoft
001262	Nokia
001267	Panasonic
001279	HP
0012D1	TI
0012D2	TI
0012EE	SONY
0012F0	Intel
0012FB	Samsung
0012FE	Lenovo
001302	Intel
001315	SONY
001320	Intel
001321	HP
001324	Schneider
001346	D-Link
001370	Nokia
001372	DELL
001377	Samsung
0013A3	Siemens
0013A9	SONY
0013CE	Intel
0013D3	MSI
0013D4	ASUS
0013E8	Intel
0013FD	Nokia
001422	DELL
001438	HP
001451	Apple
00145E	IBM
00146C	NETGEAR
001478	TP-LINK
001480	Hitachi
0014A7	Nokia
0014C2	HP
001500	Intel
001517	Intel
00152A	Nokia
001530	DELL
00155D	Microsoft
001560	HP
001599	Samsung
0015A0	Nokia
0015B7	Toshiba
0015B9	Samsung
0015C1	SONY
0015C5	DELL
0015DE	Nokia
0015E9	D-Link
0015EB	ZTE
0015F2	ASUS
001617	MSI
001620	SONY
001632	Samsung
001635	HP
00164E	Nokia
001656	Nintendo
00166B	Samsung
00166C	Samsung
00166F	Intel
001676	Intel
00167A	Skyworth
0016B8	SONY
0016BC	Nokia
0016CB	Apple
0016DB	Samsung
0016EA	Intel
0016EB	Intel
0016F0	DELL
001708	HP
001731	ASUS
001735	Intel
001742	Fujitsu
00174B	Nokia
001783	TI
001788	Philips
00179A	D-Link
0017A4	HP
0017AB	Nintendo
0017B0	Nokia
0017C9	Samsung
0017D5	Samsung
0017E3	TI
0017E4	TI
0017E5	TI
0017E6	TI
0017E7	TI
0017E8	TI
0017E9	TI
0017EA	TI
0017EB	TI
0017EC	TI
0017EF	IBM
0017F2	Apple
0017FA	Microsoft
00180F	Nokia
001813	SONY
00182F	TI
001830	TI
001831	TI
001832	TI
001833	TI
001834	TI
001842	Nokia
00184D	NETGEAR
001865	Siemens
001871	HP
001882	Huawei
001885	Motorola
00188B	DELL
00188D	Nokia
0018AF	Samsung
0018B1	IBM
0018C5	Nokia
0018D1	Siemens
0018DE	Intel
0018F3	ASUS
0018FE	HP
00191D	Nintendo
001928	Siemens
00192D	Nokia
00194F	Nokia
00195B	D-Link
001963	SONY
001979	Nokia
001981	vivo
001987	Panasonic
00198F	Nokia
001999	Fujitsu
0019A1	LG
0019B7	Nokia
0019B9	DELL
0019BB	HP
0019C5	SONY
0019C6	ZTE
0019D1	Intel
0019D2	Intel
0019DB	MSI
0019E0	TP-LINK
0019E3	Apple
0019FD	Nintendo
001A11	Google
001A16	Nokia
001A1E	Aruba
001A4B	HP
001A64	IBM
001A75	SONY
001A80	SONY
001A83	ASUS
001A89	Nokia
001A8A	Samsung
001A92	ASUS
001A9A	Skyworth
001AA0	DELL
001AB6	TI
001ADC	Nokia
001AE9	Nintendo
001B11	D-Link
001B1B	Siemens
001B21	Intel
001B2F	NETGEAR
001B33	Nokia
001B59	SONY
001B63	Apple
001B77	Intel
001B78	HP
001B7A	Nintendo
001B98	Samsung
001BAF	Nokia
001BC500A	Mercury
001BC5023	DELL
001BC5070	Siemens
001BD3	Panasonic
001BE9	Broadcom
001BEA	Nintendo
001BEE	Nokia
001BFC	ASUS
001C06	Siemens
001C23	DELL
001C35	Nokia
001C43	Samsung
001C50	TCL
001C62	LG
001C7E	Toshiba
001C9A	Nokia
001CA4	SONY
001CB3	Apple
001CBE	Nintendo
001CBF	Intel
001CC0	Intel
001CC4	HP
001CD4	Nokia
001CD6	Nokia
001CF0	D-Link
001D09	DELL
001D0D	SONY
001D0F	TP-LINK
001D25	Samsung
001D28	SONY
001D3B	Nokia
001D40	Intel
001D4F	Apple
001D60	ASUS
001D6E	Nokia
001D92	MSI
001D98	Nokia
001DBA	SONY
001DBC	Nintendo
001DD8	Microsoft
001DE0	Intel
001DE1	Intel
001DE9	Nokia
001DF6	Samsung
001DFB	TCL
001DFD	Nokia
001E0B	HP
001E10	Huawei
001E2A	NETGEAR
001E35	Nintendo
001E3A	Nokia
001E3B	Nokia
001E45	SONY
001E4F	DELL
001E52	Apple
001E58	D-Link
001E64	Intel
001E65	Intel
001E67	Intel
001E73	ZTE
001E75	LG
001E7D	Samsung
001E8C	ASUS
001E8F	Canon
001EA3	Nokia
001EA4	Nokia
001EA9	Nintendo
001EB2	LG
001EC2	Apple
001EC9	DELL
001ECF	Philips
001EDC	SONY
001EE1	Samsung
001EE2	Samsung
001F00	Nokia
001F01	Nokia
001F29	HP
001F32	Nintendo
001F33	NETGEAR
001F3B	Intel
001F3C	Intel
001F5B	Apple
001F5C	Nokia
001F5D	Nokia
001F67	Hitachi
001F6B	LG
001F92	Motorola
001FA7	SONY
001FC5	Nintendo
001FC6	ASUS
001FCC	Samsung
001FCD	Samsung
001FCF	MSI
001FDE	Nokia
001FDF	Nokia
001FE3	LG
001FE4	SONY
001FF3	Apple
001FF8	Siemens
002035	IBM
002075	Motorola
00207B	Intel
00209F	Mercury
0020D9	Panasonic
002108	Nokia
002109	Nokia
002119	Samsung
002127	TP-LINK
002147	Nintendo
00214C	Samsung
00215A	HP
00215C	Intel
00215D	Intel
00215E	IBM
00216A	Intel
00216B	Intel
002170	DELL
002185	MSI
002191	D-Link
00219B	DELL
00219E	SONY
0021AA	Nokia
0021AB	Nokia
0021BA	TI
0021BD	Nintendo
0021BF	Hitachi
0021D1	Samsung
0021D2	Samsung
0021E9	Apple
0021FB	LG
0021FC	Nokia
0021FE	Nokia
002200	IBM
002215	ASUS
002219	DELL
00223F	NETGEAR
002241	Apple
002248	Microsoft
00224C	Nintendo
002264	HP
002265	Nokia
002266	Nokia
002293	ZTE
002298	SONY
0022A1	Huawei
0022A5	TI
0022A6	SONY
0022A9	LG
0022AA	Nintendo
0022B0	D-Link
0022D7	Nintendo
0022FA	Intel
0022FB	Intel
0022FC	Nokia
0022FD	Nokia
002312	Apple
002314	Intel
002315	Intel
002318	Toshiba
002326	Fujitsu
002331	Nintendo
002332	Apple
002339	Samsung
00233A	Samsung
002345	SONY
002354	ASUS
00236C	Apple
002376	HTC
00237D	HP
002389	H3C
002399	Samsung
0023AE	DELL
0023B4	Nokia
0023C2	Samsung
0023CC	Nintendo
0023CD	TP-LINK
0023D4	TI
0023D6	Samsung
0023D7	Samsung
0023DF	Apple
0023F1	SONY
002401	D-Link
002403	Nokia
002404	Nokia
00241E	Nintendo
002421	MSI
002436	Apple
002437	Motorola
002444	Nintendo
002454	Samsung
00246C	Aruba
00247C	Nokia
00247D	Nokia
002481	HP
002483	LG
00248C	ASUS
00248D	SONY
002490	Samsung
002491	Samsung
002492	Motorola
0024B2	NETGEAR
0024BA	TI
0024BE	SONY
0024D6	Intel
0024D7	Intel
0024E8	DELL
0024E9	Samsung
0024EF	SONY
0024F3	Nintendo
002500	Apple
002503	IBM
002512	ZTE
00251B	Philips
002538	Samsung
002547	Nokia
002548	Nokia
00254B	Apple
002564	DELL
002566	Samsung
002567	Samsung
002568	Huawei
002586	TP-LINK
00259E	Huawei
0025A0	Nintendo
0025AE	Microsoft
0025B3	HP
0025BC	Apple
0025BD	DELL
0025CF	Nokia
0025D0	Nokia
0025E5	LG
0025E7	SONY
002608	Apple
00260D	Mercury
002618	ASUS
002637	Samsung
00264A	Apple
002655	HP
002659	Nintendo
00265A	D-Link
00265D	Samsung
00265F	Samsung
002668	Nokia
002669	Nokia
0026AB	EPSON
0026B0	Apple
0026B9	DELL
0026BB	Apple
0026C6	Intel
0026C7	Intel
0026CC	Nokia
0026E2	LG
0026ED	ZTE
0026F2	NETGEAR
002709	Nintendo
00270E	Intel
002710	Intel
002719	TP-LINK
00271C	Mercury
0028F8	Intel
002EC7	Huawei
003005	Fujitsu
003065	Apple
00306E	HP
0030C1	HP
0030C4	Canon
003192	TP-LINK
0034DA	LG
0034FE	Huawei
0035FF	TI
003DE1	Huawei
003DE8	LG
003EE1	Apple
004043	Nokia
004238	Intel
00464B	Huawei
004A77	ZTE
004BF3	Mercury
004E01	DELL
004E35	HP
004F1A	Huawei
005007	Siemens
005009	Philips
005040	Panasonic
005076	IBM
00508B	HP
0050BA	D-Link
0050C2003	Microsoft
0050C23F3	Hitachi
0050C28F2	Schneider
0050C29D8	Samsung
0050C2D2C	Schneider
0050C2E6C	Samsung
0050C2F1E	DELL
0050CE	LG
0050E4	Apple
0050F2	Microsoft
0051ED	LG
0056CD	Apple
0057C1	LG
005907	Lenovo
005A13	Huawei
005A39	FAST
005B94	Apple
005C86	FAST
005F67	TP-LINK
005FBF	Toshiba
006048	DELL
006067	Acer
006094	IBM
0060B0	HP
0060CB	Hitachi
0060E8	Hitachi
006151	Huawei
006171	Apple
00620B	Broadcom
006619	Huawei
00664B	Huawei
00682B	Huawei
0068EB	HP
006B6F	Huawei
006D52	Apple
006F64	Samsung
007147	Amazon
007204	Samsung
007263	netcore
0073E0	Samsung
0077E4	Nokia
007C2D	Samsung
007D60	Apple
00805F	HP
0080A0	HP
0080B6	Mercury
0080BC	Hitachi
0080C8	D-Link
0080F0	Panasonic
0081F9	TI
008701	Samsung
008865	Apple
008A55	Huawei
008A76	Apple
008EF2	NETGEAR
009020	Philips
009027	Intel
00902F	netcore
00903E	Philips
009040	Siemens
00919E	Intel
009337	Intel
0094EC	Huawei
00991D	Huawei
009ACD	Huawei
009C02	HP
009EC8	Xiaomi
00A003	Siemens
00A040	Apple
00A060	Acer
00A077	Fujitsu
00A0BF	Motorola
00A0C9	Intel
00A0CA	Fujitsu
00A45F	Huawei
00A554	Intel
00AA00	Intel
00AA01	Intel
00AA02	Intel
00AA70	LG
00AD24	D-Link
00ADD5	Huawei
00B0D0	DELL
00B362	Apple
00B5D0	Samsung
00B8B6	Motorola
00BB1C	Huawei
00BB3A	Amazon
00BB60	Intel
00BBC1	Canon
00BD3A	Nokia
00BE3B	Huawei
00BE43	DELL
00BED5	H3C
00BF61	Samsung
00C04F	DELL
00C08F	Panasonic
00C0E4	Siemens
00C2C6	Intel
00C30A	Xiaomi
00C3F4	Samsung
00C610	Apple
00CDFE	Apple
00D060	Panasonic
00D0B7	Intel
00D0DE	Philips
00D0F6	Nokia
00D49E	Intel
00D76D	Intel
00D861	MSI
00D8A2	Huawei
00D9D1	SONY
00DB70	Apple
00DBDF	Intel
00DDB6	H3C
00E000	Fujitsu
00E003	Nokia
00E00C	Motorola
00E018	ASUS
00E04C	REALTEK
00E064	Samsung
00E091	LG
00E0FC	Huawei
00E18C	Intel
00E3B2	Samsung
00E406	Huawei
00E421	SONY
00E7E3	ZTE
00EB2D	SONY
00EC0A	Xiaomi
00EEBD	HTC
00F361	Amazon
00F39F	Apple
00F46F	Samsung
00F4B9	Apple
00F620	Google
00F76F	Apple
00F81C	Huawei
00FA21	Samsung
00FC8B	Amazon
00FD45	HP
04021F	Huawei
0403D6	Nintendo
040973	HP
040CCE	Apple
040E3C	HP
04106B	Xiaomi
041552	Apple
04180F	Samsung
041B6D	LG
041BBA	Samsung
041DC7	ZTE
041E64	Apple
042084	ZTE
04209A	Panasonic
0425C5	Huawei
0425F0	Nokia
042665	Apple
042728	Microsoft
042758	Huawei
04292E	Samsung
043110	Inspur
043385	BlackShark
043389	Huawei
0433C2	Intel
0434F6	Motorola
0440A9	H3C
04421A	ASUS
04489A	Apple
04495D	Huawei
044A6C	Huawei
044BED	Apple
044EAF	LG
044F4C	Huawei
0452F3	Apple
045453	Apple
0456E5	Intel
045A95	Nokia
045D4B	SONY
0463D0	Huawei
046865	Apple
0469F8	Apple
046C59	Intel
047295	Apple
047503	Huawei
047970	Huawei
047975	Honor
0479B7	TI
047A0B	Xiaomi
047AAE	Huawei
047C16	MSI
04885F	Huawei
048C16	Huawei
048C9A	Huawei
048D38	netcore
049226	ASUS
049573	ZTE
0495E6	Tenda
0499B9	Apple
0499BB	Apple
049FCA	Huawei
04A151	NETGEAR
04A316	TI
04A82A	Nokia
04B0E7	Huawei
04B167	Xiaomi
04B1A1	Samsung
04B429	Samsung
04B9E3	Samsung
04BA1C	Huawei
04BA8D	Samsung
04BAD6	D-Link
04BD70	Huawei
04BD88	Aruba
04BDBF	Samsung
04C06F	Huawei
04C1D8	Huawei
04C23E	HTC
04C241	Nokia
04C807	Xiaomi
04CAED	Huawei
04CCBC	Huawei
04CE09	Skyworth
04CF4B	Intel
04CF8C	Xiaomi
04D13A	Xiaomi
04D395	Motorola
04D3B0	Intel
04D3B5	Huawei
04D3CF	Apple
04D4C4	ASUS
04D6AA	Samsung
04D7A5	H3C
04D9C8	Foxconn
04D9F5	ASUS
04DB56	Apple
04E451	TI
04E536	Apple
04E598	Xiaomi
04E795	Huawei
04E8B9	Intel
04EA56	Intel
04ECD8	Intel
04ED33	Intel
04EE03	TI
04F03E	Huawei
04F13E	Apple
04F169	Huawei
04F352	Huawei
04F7E4	Apple
04F938	Huawei
04FE31	Samsung
04FE8D	Huawei
04FF08	Huawei
080006	Siemens
080007	Apple
080009	HP
08001B	DELL
080023	Panasonic
080028	TI
080046	SONY
08005A	IBM
08006F	Philips
080205	Huawei
08028E	NETGEAR
0808C2	Samsung
081196	Intel
0812A5	Amazon
08152F	Samsung
0817F4	IBM
08181A	ZTE
0819A6	Huawei
081C6E	Xiaomi
081F71	TP-LINK
0821EF	Samsung
0823B2	vivo
082525	Xiaomi
082573	Apple
082CB6	Apple
082E36	Huawei
082E5F	HP
082FE9	Huawei
08318B	Huawei
0831A4	Huawei
0836C9	NETGEAR
08373D	Samsung
0838E6	Motorola
083A38	H3C
083D88	Samsung
083FBC	ZTE
0840F3	Tenda
08474C	Nokia
0847D0	Nokia
084ACF	OPPO
084F0A	Huawei
085104	Huawei
085700	TP-LINK
0857FB	Amazon
085A11	D-Link
085BD6	Intel
085C1B	Huawei
085DDD	Mercury
08606E	ASUS
086083	ZTE
086266	ASUS
086361	Huawei
086698	Apple
08688D	H3C
086AC5	Intel
086AE5	Amazon
086D41	Apple
087045	Apple
087190	Intel
087402	Apple
087808	Samsung
08798C	Huawei
087A4C	Huawei
087C39	Amazon
087F98	vivo
08849D	Amazon
0887C7	Apple
088C2C	Samsung
088E90	Intel
088EDC	Apple
089204	DELL
089356	Huawei
089734	HP
089AC7	ZTE
089BB9	Nokia
089C86	Nokia
089DF4	Intel
089E08	Google
089E84	Huawei
08A189	Hikvision
08A6BC	Amazon
08A842	Huawei
08AA55	Motorola
08AA89	ZTE
08AED6	Samsung
08B3AF	vivo
08B4B1	Google
08BD43	NETGEAR
08BFA0	Samsung
08C021	Huawei
08C06C	Huawei
08C5E1	Samsung
08C729	Apple
08CC27	Motorola
08D23E	Intel
08D40C	Intel
08D42B	Samsung
08D46A	LG
08E021	Honor
08E5DA	Fujitsu
08E63B	ZTE
08E689	Apple
08E7E5	Huawei
08E84F	Huawei
08EBF6	Huawei
08ECA9	Samsung
08EDED	Dahua
08EE8B	Samsung
08F1EA	HP
08F458	Huawei
08F4AB	Apple
08F606	ZTE
08F69C	Apple
08F8BC	Apple
08FA28	Huawei
08FA79	vivo
08FC88	Samsung
08FD0E	Samsung
08FF24	Skyworth
08FF44	Apple
0C02BD	Samsung
0C0E76	D-Link
0C1262	ZTE
0C1420	Samsung
0C1539	Apple
0C1773	Huawei
0C19F8	Apple
0C1C57	TI
0C1DAF	Xiaomi
0C20D3	vivo
0C29EF	DELL
0C2C54	Huawei
0C2FB0	Samsung
0C3021	Apple
0C31DC	Huawei
0C354F	Nokia
0C3747	ZTE
0C37DC	Huawei
0C3AFA	H3C
0C3B50	Apple
0C3E9F	Apple
0C413E	Microsoft
0C41E9	Huawei
0C43F9	Amazon
0C45BA	Huawei
0C47C9	Amazon
0C4885	LG
0C4B54	TP-LINK
0C4DE9	Apple
0C4F9B	Huawei
0C5101	Apple
0C5415	Intel
0C54B9	Nokia
0C6046	vivo
0C61CF	TI
0C704A	Huawei
0C715D	Samsung
0C722C	TP-LINK
0C72D9	ZTE
0C73EBD	D-Link
0C74C2	Apple
0C771A	Apple
0C7A15	Intel
0C7C28	Nokia
0C8063	TP-LINK
0C8268	TP-LINK
0C839A	Huawei
0C8408	Huawei
0C8910	Samsung
0C8BFD	Intel
0C8DCA	Samsung
0C8FFF	Huawei
0C9043	realme
0C9192	Intel
0C938F	OPPO
0C96BF	Huawei
0C96CD	Mercury
0C975F	Aruba
0C9838	Xiaomi
0C9A3C	Intel
0C9D92	ASUS
0CA8A7	Samsung
0CAE7D	TI
0CB2B7	TI
0CB319	Samsung
0CB527	Huawei
0CB6D2	D-Link
0CB789	Honor
0CBC9F	Apple
0CBEF1	Huawei
0CC413	Google
0CC66A	Nokia
0CC6CC	Huawei
0CC6FD	Xiaomi
0CCB85	Motorola
0CD292	Intel
0CD6BD	Huawei
0CD746	Apple
0CD86C	FAST
0CDA41	H3C
0CDD24	Intel
0CDDEF	Nokia
0CDFA4	Samsung
0CE0DC	Samsung
0CE441	Apple
0CE4A0	Huawei
0CE725	Microsoft
0CEC80	TI
0CEC8D	Motorola
0CEE99	Amazon
0CF346	Xiaomi
0CFE45	SONY
100020	Apple
10005A	IBM
100177	Huawei
1002B5	Intel
1005E1	Nokia
1007B6	Samsung
10082C	TI
1009F9	Amazon
100BA9	Intel
100C6B	NETGEAR
100D7F	NETGEAR
101081	ZTE
101212	vivo
1012FB	Hikvision
101965	H3C
101B54	Huawei
101C0C	Apple
101DC0	Samsung
101F74	HP
102407	Huawei
1027F5	TP-LINK
102959	Apple
1029AB	Samsung
102AB3	Xiaomi
102B41	Samsung
102EAF	TI
102F6B	Microsoft
103025	Apple
103047	Samsung
10321D	Huawei
10327E	Huawei
103917	Samsung
103B59	Samsung
103C59	ZTE
103D1C	Intel
103F44	Xiaomi
1040F3	Apple
10417F	Apple
104400	Huawei
104738	Nokia
104780	Huawei
104A7D	Intel
104F58	Aruba
104FA8	SONY
105107	Intel
105172	Huawei
1055E4	Skyworth
105DDC	Huawei
10604B	HP
1062E5	HP
1062EB	D-Link
10634B	Mercury
106530	DELL
10683F	LG
107100	Huawei
10746F	Motorola
1077B1	Samsung
107B44	ASUS
107BCE	Nokia
107D1A	DELL
1082D7	realme
1089FB	Samsung
108EE0	Samsung
108FFE	Huawei
109266	Samsung
1093E9	Apple
1094BB	Apple
109693	Amazon
109836	DELL
109ADD	Apple
109D7A	Huawei
109E3A	Tmall
10A4B9	Baidu
10A4DA	Huawei
10A51D	Intel
10B1F8	Huawei
10B9C4	Apple
10BC97	vivo
10BEF5	D-Link
10BF48	ASUS
10C172	Huawei
10C37B	ASUS
10C3AB	Huawei
10C595	Lenovo
10C61F	Huawei
10CE02	Amazon
10CEA9	TI
10CEE9	Apple
10D0AB	ZTE
10D38A	Samsung
10D542	Samsung
10DA43	NETGEAR
10DA49	Huawei
10DDB1	Apple
10DFFC	Siemens
10E4C2	Samsung
10E7C6	HP
10E878	Nokia
10E953	Huawei
10EC81	Samsung
10F005	Intel
10F1F2	LG
10F605	realme
10F60A	Intel
10F681	vivo
10F96F	LG
10F9EE	Nokia
10FEED	TP-LINK
14007D	ZTE
140152	Samsung
1402EC	HP
1409B4	ZTE
1409DC	Huawei
140AC5	Amazon
140F42	Nokia
14109F	Apple
14115D	Skyworth
141346	Skyworth
1413FB	Huawei
141877	DELL
1418C3	Intel
141AA3	Motorola
141F78	Samsung
14205E	Apple
14223B	Google
14230A	Huawei
142D4D	Apple
143004	Huawei
1430C6	Motorola
1432D1	Samsung
143605	Nokia
1436C6	Lenovo
143CC3	Huawei
143E60	Nokia
143EBF	ZTE
143FA6	SONY
1442FC	TI
144658	Huawei
14472D	OPPO
144920	Huawei
1449E0	Samsung
144F8A	Intel
145120	Huawei
14517E	H3C
145594	Huawei
14563A	Huawei
14568E	Samsung
14579F	Huawei
1458D0	HP
1459C0	NETGEAR
145A05	Apple
145E69	OPPO
145F94	Huawei
146080	ZTE
1460CB	Apple
146B9A	ZTE
14755B	Intel
147590	TP-LINK
147740	Huawei
147BAC	Nokia
147DDA	Apple
14857F	Intel
148692	TP-LINK
14876A	Apple
1488E6	Apple
1489CB	Huawei
1489FD	Samsung
148C4A	Huawei
148FC6	Apple
149138	Amazon
14946C	Apple
1495CE	Apple
1496E5	Samsung
149877	Apple
1499E2	Apple
149A10	Microsoft
149BF3	OPPO
149D09	Huawei
149D99	Apple
149ECF	DELL
149F3C	Samsung
149FE8	Lenovo
14A0F8	Huawei
14A32F	Huawei
14A364	Samsung
14A3B4	Huawei
14A51A	Huawei
14A78B	Dahua
14AB02	Huawei
14ABC5	Intel
14AE857	Honor
14B31F	DELL
14B484	Samsung
14B968	Huawei
14BB6E	Samsung
14BD61	Apple
14C126	Nokia
14C14E	Google
14C213	Apple
14C697	OPPO
14C88B	Apple
14C913	LG
14CB19	HP
14CB65	Microsoft
14CC20	TP-LINK
14CF92	TP-LINK
14D00D	Apple
14D11F	Huawei
14D169	Huawei
14D19E	Apple
14D64D	D-Link
14DAE9	ASUS
14DD9C	vivo
14DDA9	ASUS
14DE39	Huawei
14E6E4	TP-LINK
14EB08	Huawei
14EBB6	TP-LINK
14F287	Apple
14F42A	Samsung
14F65A	Xiaomi
14F6D8	Intel
14FB70	Huawei
14FEB5	DELL
18002D	SONY
1801F1	Xiaomi
18022D	Huawei
1802AE	vivo
180373	DELL
1804ED	TI
1806FF	Acer
180CAC	Canon
180EAC	FAST
180F76	D-Link
18132D	ZTE
181456	Nokia
18146C	Tmall
1816C9	Samsung
18188B	Fujitsu
1819D6	Samsung
181DEA	Intel
181EB0	Samsung
182032	Apple
182195	Samsung
18227E	Samsung
182649	Intel
182666	Samsung
182A57	Huawei
182A7B	Nintendo
1831BF	ASUS
183451	Apple
183A2D	Samsung
183CB7	Huawei
183D5E	Huawei
183DA2	Intel
183EEF	Apple
183F47	Samsung
1844E6	ZTE
184516	TI
184617	Samsung
1848BE	Amazon
184E16	Samsung
184ECB	Samsung
185345	Nokia
1854CF	Samsung
1855E3	Apple
185644	Huawei
185680	Intel
1856C3	Apple
185936	Xiaomi
185A58	DELL
185B00	Nokia
185BB3	Samsung
185E0B	ZTE
185E0F	Intel
186024	HP
1862E4	TI
186472	Aruba
186590	Apple
1866DA	DELL
1867B0	Samsung
18686A	ZTE
1868CB	Hikvision
1869D4	Samsung
18703B	Huawei
18742E	Amazon
187A3B	Aruba
187EB9	Apple
18810E	Apple
188331	Samsung
1886AC	Nokia
188740	Xiaomi
188796	HTC
18895B	Samsung
1893D7	TI
189E2C	Huawei
189EFC	Apple
18A6F7	TP-LINK
18A905	HP
18A99B	DELL
18AA0F	Huawei
18AA1E	Skyworth
18AB1D	Samsung
18AEBB	Siemens
18AF61	Apple
18AF8F	Apple
18BB1C	Huawei
18BB41	Huawei
18BC5A	Tmall
18BFB3	Samsung
18C007	Huawei
18C086	Broadcom
18C300	Nokia
18C58A	Huawei
18CC18	Intel
18CC88	Hitachi
18CE94	Samsung
18CF24	Huawei
18D0C5	OPPO
18D276	Huawei
18D6C7	TP-LINK
18D717	OPPO
18D98F	Huawei
18DBF2	DELL
18DED7	Huawei
18E215	Nokia
18E29F	vivo
18E2C2	Samsung
18E777	vivo
18E7B0	Apple
18E7F4	Apple
18E91D	Huawei
18EE69	Apple
18F0E4	Xiaomi
18F1D8	Apple
18F22C	TP-LINK
18F643	Apple
18FB7B	DELL
18FF0F	Intel
1C0219	OPPO
1C08C1	LG
1C0D7D	Apple
1C12B0	Amazon
1C1386	Huawei
1C151F	Huawei
1C1AC0	Apple
1C1ADF	Microsoft
1C1BB5	Intel
1C1D67	Huawei
1C1FF1	Huawei
1C20DB	Huawei
1C21D1A	LG
1C232C	Samsung
1C2704	ZTE
1C28AF	Aruba
1C2A8B	Nokia
1C36BB	Apple
1C3ADE	Samsung
1C3BF3	TP-LINK
1C3CD4	Huawei
1C3D2F	Huawei
1C4024	DELL
1C427D	OPPO
1C4363	Huawei
1C4419	TP-LINK
1C4586	Nintendo
1C4593	TI
1C472F	Huawei
1C48CE	OPPO
1C4D66	Amazon
1C4D70	Intel
1C53F9	Google
1C56FE	Motorola
1C57DC	Apple
1C599B	Huawei
1C5A3E	Samsung
1C5A6B	Philips
1C5CF2	Apple
1C5F2B	D-Link
1C60DE	Mercury
1C61B4	TP-LINK
1C62B8	Samsung
1C66AA	Samsung
1C6758	Huawei
1C7125	Apple
1C721D	DELL
1C73E2	Huawei
1C76F2	Samsung
1C77F6	OPPO
1C7B21	SONY
1C7EE5	D-Link
1C7F2C	Huawei
1C869A	Samsung
1C872C	ASUS
1C87740	Philips
1C8776D	vivo
1C880C	Skyworth
1C88798	Toshiba
1C8E5C	Huawei
1C9148	Apple
1C9180	Apple
1C93C4	Amazon
1C98EC	HP
1C9957	Intel
1C9E46	Apple
1CA0B8	Foxconn
1CA681	Huawei
1CAB34	H3C
1CABA7	Apple
1CAECB	Huawei
1CAF05	Samsung
1CAF4A	Samsung
1CAFF7	D-Link
1CB094	HTC
1CB3C9	Apple
1CB72C	ASUS
1CB796	Huawei
1CBA8C	TI
1CBDB9	D-Link
1CC10C	Intel
1CC1DE	HP
1CC3EB	OPPO
1CCCD6	Xiaomi
1CD107	realme
1CDA27	vivo
1CDDEA	OPPO
1CDF52	TI
1CE2CC	TI
1CE504	Huawei
1CE57F	Samsung
1CE61D	Samsung
1CE62B	Apple
1CE639	Huawei
1CE6AD	Huawei
1CEA1B	Nokia
1CF29A	Google
1CF42B	Huawei
1CF8D0	Samsung
1CFA68	TP-LINK
1CFE2B	Amazon
20040F	DELL
2004F3	Honor
200889	ZTE
2008ED	Huawei
200A0DB	Amazon
200B16	TI
200BC7	Huawei
200BCF	Nintendo
200CC8	NETGEAR
200E2B	Apple
2013E0	Samsung
2016B9	Intel
201742	LG
201E88	Intel
201F3B	Google
2021A5	LG
20283E	Huawei
202BC1	Huawei
202D07	Samsung
20311C	vivo
20326C	Samsung
2032C6	Apple
2034FB	Xiaomi
2037A5	Apple
203B69	vivo
203CAE	Apple
203DB2	Huawei
203DBD	LG
20443A	Schneider
204747	DELL
2047DA	Xiaomi
204C03	Aruba
204E7F	NETGEAR
205383	Huawei
205476	SONY
2054FA	Huawei
205531	Samsung
205D47	vivo
205E64	Huawei
205EF7	Samsung
206274	Microsoft
206432	Samsung
2064CB	OPPO
20658E	Huawei
20677C	HP
206980	Apple
206BE7	TP-LINK
206E9C	Samsung
207454	vivo
20768F	Apple
207693	Lenovo
207852	Nokia
2078CD	Apple
2078F0	Apple
207918	Intel
207D74	Apple
20826A	OPPO
2082C0	Xiaomi
208756	Siemens
2087EC	Huawei
208986	ZTE
20898A	Skyworth
208B37	Skyworth
208C86	Huawei
209148	TI
209BCD	Apple
209CB4	Aruba
20A171	Amazon
20A2E4	Apple
20A60C	Xiaomi
20A680	Huawei
20A6CD	HP
20A8B9	Siemens
20A99B	Microsoft
20AB37	Apple
20AB48	Huawei
20B780	Toshiba
20B868	Motorola
20C19B	Intel
20C38F	TI
20C6EB	Panasonic
20C9D0	Apple
20CD39	TI
20CD6E	realme
20CF30	ASUS
20D390	Samsung
20D5BF	Samsung
20D607	Nokia
20D778	TI
20DA22	Huawei
20DBAB	Samsung
20DCE6	TP-LINK
20DCFD	Huawei
20DF73	Huawei
20DFB9	Google
20E09C	Nokia
20E2A8	Apple
20E52A	NETGEAR
20E791	Siemens
20E874	Apple
20E882	ZTE
20EE28	Apple
20F17C	Huawei
20F3A3	Huawei
20F44F	Nokia
20F478	Xiaomi
20F77C	vivo
20FE00	Amazon
2400BA	Huawei
24016F	Huawei
240588	Google
2406AA	OPPO
240995	Huawei
240F9B	Hikvision
241145	Xiaomi
24166D	Huawei
24181D	Samsung
241AE6	Huawei
241B7A	Apple
241EEB	Apple
241FA0	Huawei
242124	Nokia
2421AB	SONY
24240E	Apple
2426D6	Huawei
2428FD	Hikvision
242934	Google
242CFE	Tmall
242E02	Huawei
242FFA	Toshiba
2430F8	Huawei
243154	Huawei
2432AE	Hikvision
243FAA	Huawei
24418C	Intel
244427	Huawei
24456B	Huawei
2446C8	Motorola
2446E4	Huawei
244B03	Samsung
244B81	Samsung
244BFE	ASUS
244C07	Huawei
244CE3	Amazon
24526A	Dahua
24586E	ZTE
245AB5	Samsung
245BA7	Apple
245E48	Apple
245EBE	QNAP
245F9F	Huawei
2462CE	Aruba
24649F	Huawei
2468B0	Samsung
246968	TP-LINK
24698E	Mercury
2469A5	Huawei
246C60	Huawei
246E96	DELL
246F8C	Huawei
247152	DELL
247189	TI
24753A	OPPO
247625	TI
247703	Intel
2479F3	OPPO
247D4D	TI
247E51	ZTE
247F3C	Huawei
2481C7	Huawei
2491BB	Huawei
24920E	Samsung
249745	Huawei
249AC8	Skyworth
249EAB	Huawei
249F89	TI
24A074	Apple
24A2E1	Apple
24A487	Huawei
24A52C	Huawei
24A65E	ZTE
24A799	Huawei
24A87D	Panasonic
24AB81	Apple
24B105	Hikvision
24B6FD	DELL
24BCF8	Huawei
24BE05	HP
24C42F	Philips
24C44A	ZTE
24C613	Samsung
24C696	Samsung
24CE33	Amazon
24CF24	Xiaomi
24D0DF	Apple
24D3F2	ZTE
24DA33	Huawei
24DA9B	Motorola
24DBAC	Huawei
24DBED	Samsung
24DEC6	Aruba
24DF6A	Huawei
24DFA7	Broadlink
24E314	Apple
24E5AA	Philips
24E853	LG
24E9CA	Huawei
24EBED	Huawei
24EDFD	Siemens
24EE9A	Intel
24F094	Apple
24F27F	HP
24F5AA	Samsung
24F603	Huawei
24F677	Apple
24FB65	Huawei
24FCE5	Samsung
28011C	ZTE
280244	Apple
2802D8	Samsung
280B5C	Apple
280DFC	SONY
280FEB	LG
28107B	D-Link
2811A8	Intel
2811EC	Huawei
281293	Honor
28167F	Xiaomi
2816A8	Microsoft
2816AD	Intel
281709	Huawei
281878	Microsoft
282536	JMGO
2827BF	Samsung
282B96	Huawei
282CB2	TP-LINK
283152	Huawei
283166	vivo
283334	Huawei
2836381	Panasonic
283737	Apple
28395E	Samsung
283B82	D-Link
283CE4	Huawei
283DC2	Samsung
283F69	SONY
2841C6	Huawei
2841EC	Huawei
2847AA	Nokia
2848E7	Huawei
28534E	Huawei
285471	Huawei
2857BE	Hikvision
285AEB	Apple
285FDB	Huawei
286336	Siemens
2864B0	Huawei
2868D2	Huawei
286AB8	Apple
286ABA	Apple
286B35	Intel
286C07	Xiaomi
286ED4	Huawei
2874F5	Nokia
287777	ZTE
2877F1	Apple
287B09	ZTE
287FCF	Intel
288023	HP
288088	NETGEAR
288335	Samsung
2887BA	TP-LINK
288CB8	ZTE
288EEC	Apple
28924A	HP
28987B	Samsung
289E97	Huawei
28A02B	Apple
28A53F	vivo
28A6DB	Huawei
28B2BD	Intel
28B448	Huawei
28BAB5	Samsung
28BD89	Google
28BE43	vivo
28C01B	Skyworth
28C13C	Foxconn
28C21F	Samsung
28C538	Apple
28C63F	Intel
28C68E	NETGEAR
28C709	Apple
28C825	DELL
28C87C	ZTE
28CC01	Samsung
28CFDA	Apple
28CFE9	Apple
28D0EA	Intel
28D127	Xiaomi
28D1AF	Nokia
28D3EA	Huawei
28DE65	Aruba
28DEA8	ZTE
28DEE5	Huawei
28DFEB	Intel
28E02C	Apple
28E14C	Apple
28E31F	Xiaomi
28E34E	Huawei
28E5B0	Huawei
28E7CF	Apple
28EA2D	Apple
28EC95	Apple
28EC9A	TI
28ED6A	Apple
28EE52	TP-LINK
28EF01	Amazon
28F033	Apple
28F076	Apple
28F10E	DELL
28FA7A	Tmall
28FAA0	vivo
28FBAE	Huawei
28FF3C	Apple
28FF3E	ZTE
28FFB2	Toshiba
2C0786	Huawei
2C0BAB	Huawei
2C0DA7	Intel
2C0E3D	Samsung
2C10C1	Nintendo
2C15BF	Samsung
2C1875	Skyworth
2C1A01	Huawei
2C1F23	Apple
2C200B	Apple
2C233A	HP
2C26C5	ZTE
2C2768	Huawei
2C27D7	HP
2C2997	Microsoft
2C2BF9	LG
2C3033	NETGEAR
2C3358	Intel
2C3361	Apple
2C3A91	Huawei
2C4053	Samsung
2C4138	HP
2C4401	Samsung
2C44FD	HP
2C4881	vivo
2C4D54	ASUS
2C52AF	Huawei
2C5491	Microsoft
2C54CF	LG
2C55D3	Huawei
2C56DC	ASUS
2C58E8	Huawei
2C598A	LG
2C59E5	HP
2C5A05	Nokia
2C5BB8	OPPO
2C5D34	OPPO
2C61F6	Apple
2C6A6FB	Schneider
2C6B7D	TI
2C6DC1	Intel
2C6E85	Intel
2C71FF	Amazon
2C768A	HP
2C780E	Huawei
2C8217	Apple
2C8A72	HTC
2C8BF2	Hitachi
2C8DB1	Intel
2C957F	ZTE
2C97B1	Huawei
2C97ED	SONY
2C9D1E	Huawei
2C9D65	vivo
2C9EFC	Canon
2CA042	Huawei
2CA59C	Hikvision
2CA774	TI
2CA79E	Huawei
2CA9F0	OPPO
2CAB00	Huawei
2CAB33	TI
2CAE2B	Samsung
2CB05D	NETGEAR
2CB43A	Apple
2CBABA	Samsung
2CBC87	Apple
2CBE08	Apple
2CC546	Huawei
2CCC15	Nokia
2CCC44	SONY
2CCCE6	Skyworth
2CCF58	Huawei
2CD066	Xiaomi
2CD2E7	Nokia
2CD444	Fujitsu
2CDB07	Intel
2CE032	TCL
2CEA7F	DELL
2CF05D	MSI
2CF0A2	Apple
2CF0EE	Apple
2CF1BB	ZTE
2CF295	Huawei
2CFC8B	OPPO
2CFDA1	ASUS
2CFDAB	Motorola
2CFFEE	vivo
300505	Intel
30074D	Samsung
3009C0	Motorola
300C23	ZTE
300D43	Microsoft
300EB8	LG
3010E4	Apple
301389	Siemens
3017C8	SONY
301966	Samsung
302364	Nokia
302432	Intel
3024A9	HP
3035AD	Apple
3035C5	Huawei
3037B3	Huawei
303855	Nokia
303926	SONY
303A64	Intel
303EA7	Intel
303FBB	HP
304240	ZTE
304511	TI
304596	Huawei
30469A	NETGEAR
30499E	Huawei
304B07	Motorola
304C7E	Panasonic
304E1B	Huawei
304F00	OPPO
3050FD	Skyworth
305714	Apple
3059B7	Microsoft
305A3A	ASUS
305F77	H3C
30636B	Apple
3066D0	Huawei
306A85	Samsung
307467	Samsung
307496	Huawei
307512	SONY
30766F	LG
307BAC	H3C
307C4A	Huawei
307F10	OPPO
30809B	H3C
3083D2	Motorola
308454	OPPO
3085A9	ASUS
308730	Huawei
30894A	Intel
308AF7	Huawei
308D99	HP
309048	Apple
3090AB	Apple
309176	Skyworth
309435	vivo
309610	Huawei
30963B	Huawei
3096FB	Samsung
309935	ZTE
309C23	MSI
30A1FA	Huawei
30A2C2	Huawei
30A8DB	SONY
30A998	Huawei
30A9DE	LG
30AAE4	Huawei
30AB6A	Samsung
30AFCE	vivo
30B037	H3C
30B216	Hitachi
30B49E	TP-LINK
30B4B8	LG
30B5C2	TP-LINK
30B930	ZTE
30BB7D	OnePlus
30C50F	Huawei
30C7AE	Samsung
30CBF8	Samsung
30CC21	ZTE
30CDA7	Samsung
30D042	DELL
30D17E	Huawei
30D386	ZTE
30D53E	Apple
30D587	Samsung
30D6C9	Samsung
30D9D9	Apple
30E171	HP
30E283	TI
30E37A	Intel
30E396	Huawei
30E7BC	OPPO
30E98E	Huawei
30F31D	ZTE
30F335	Huawei
30F7C5	Apple
30F9ED	SONY
30FBB8	Huawei
30FC68	TP-LINK
30FCEB	LG
30FD38	Google
30FD65	Huawei
30FE31	Nokia
3400A3	Huawei
340286	Intel
3403DE	TI
340804	D-Link
3408BC	Apple
3408E1	TI
340A33	D-Link
340A98	Huawei
341298	Apple
3412F9	Huawei
3413E8	Intel
34145F	Samsung
3414B5	TI
341513	TI
34159E	Apple
3417EB	DELL
341CF0	Xiaomi
341E6B	Huawei
3423BA	Samsung
34243E	ZTE
3425BE	Amazon
342840	Apple
342912	Huawei
342AF1	TI
342D0D	Samsung
342EB6	Huawei
342EB7	Intel
342FBD	Nintendo
343111	Samsung
34317F	Panasonic
34318F	Apple
3432E6	Panasonic
34363B	Apple
343654	ZTE
343759	ZTE
343A20	Aruba
3440B5	IBM
34415D	Intel
344262	Apple
3446EC	Huawei
3448ED	DELL
344B50	ZTE
344DEA	ZTE
344DF7	LG
345180	TCL
345184	Huawei
3451C9	Apple
345840	Huawei
345ABA	TCL
3460F9	TP-LINK
3464A9	HP
346987	ZTE
346AC2	Huawei
346B5B	H3C
346BD3	Huawei
347146	Huawei
34735A	DELL
347839	ZTE
347916	Huawei
347C25	Apple
347DF6	Intel
347E00	Huawei
347E39	Nokia
3480B3	Xiaomi
3482C5	Samsung
3484E4	TI
348511	Skyworth
348A12	Aruba
348A7B	Samsung
349672	TP-LINK
3497F6	ASUS
3498B5	NETGEAR
349F7B	Canon
34A2A2	Huawei
34A395	Apple
34A8EB	Apple
34AA31	Skyworth
34AA8B	Samsung
34AA99	Nokia
34AB37	Apple
34AF2C	Nintendo
34AFB3	Amazon
34B1F7	TI
34B20A	Huawei
34B354	Huawei
34B98D	Xiaomi
34BB26	Motorola
34BE00	Samsung
34C059	Apple
34C3AC	Samsung
34C803	Nokia
34C93D	Intel
34CDBE	Huawei
34CE00	Xiaomi
34CE69	Nokia
34CFF6	Intel
34D262	DJI
34D270	Amazon
34D693	Huawei
34DAB7	ZTE
34DE1A	Intel
34DE34	ZTE
34E0CF	ZTE
34E12D	Intel
34E2FD	Apple
34E6AD	Intel
34E6D7	DELL
34E894	TP-LINK
34E911	vivo
34F39A	Intel
34F64B	Intel
34F6D2	Panasonic
34F716	TP-LINK
34FCB9	HP
34FCEF	LG
34FD6A	Apple
34FE77	Apple
34FE9E	Fujitsu
380025	Intel
380195	Samsung
38019F	FAST
380A94	Samsung
380B3C	TI
380B40	Samsung
380F4A	Apple
3810F0	Aruba
381428	DELL
3816D1	Samsung
3817C3	HP
38184C	SONY
38192F	Nokia
381A52	EPSON
382028	Huawei
3821C7	Aruba
3822D6	H3C
3822E2	HP
3822F4	Huawei
38256B	Microsoft
38295A	OPPO
382C4A	ASUS
382DD1	Samsung
382DE8	Samsung
3830F9	LG
38378B	Huawei
38384B	vivo
384608	ZTE
3847BC	Huawei
38484C	Apple
384B24	Siemens
384C4F	Huawei
38521A	Nokia
385247	Huawei
38539C	Apple
38549B	ZTE
38563D	Microsoft
3863BB	HP
3865B2	Apple
3866F0	Apple
386893	Intel
3868A4	Samsung
386A77	Samsung
386B1C	Mercury
386E88	ZTE
386EA2	vivo
3871DE	Apple
3873EAC	LG
387862	SONY
387A0E	Intel
3880DF	Motorola
3881D7	TI
388345	TP-LINK
3886F7	Google
3887D5	Intel
38881E	Huawei
3888A4	Apple
38892C	Apple
388ABE	OPPO
388B59	Google
388C50	LG
388F30	Samsung
389052	Huawei
3891D5	H3C
389496	Samsung
3894ED	NETGEAR
3897D6	H3C
3898E9	Huawei
389AF6	Samsung
389D92	EPSON
38A067	Nokia
38A44B	Huawei
38A4ED	Xiaomi
38A91C	H3C
38AA3C	Samsung
38AB41	TI
38AD8E	H3C
38ADBE	H3C
38AF29	Dahua
38AFD7	Fujitsu
38B3F7	Huawei
38B54D	Apple
38BAB0	Broadcom
38BAF8	Intel
38BC01	Huawei
38BC1A	Meizu
38C986	Apple
38CADA	Apple
38D269	TI
38D2CA	Tmall
38D40B	Samsung
38D547	ASUS
38D82F	ZTE
38DEAD	Intel
38E1AA	ZTE
38E2DD	ZTE
38E39F	Motorola
38E60A	Xiaomi
38E7D8	HTC
38EAA7	HP
38EB47	Huawei
38EC0D	Apple
38ECE4	Samsung
38F23E	Microsoft
38F73D	Amazon
38F7F1	Huawei
38F889	Huawei
38F9D3	Apple
38FACA	Skyworth
38FB14	Huawei
38FC98	Intel
38FDFE3	Siemens
3C01EF	SONY
3C0518	Samsung
3C0630	Apple
3C06A7	TP-LINK
3C0754	Apple
3C0771	SONY
3C15C2	Apple
3C15FB	Huawei
3C189F	Nokia
3C195E	Samsung
3C1E04	D-Link
3C20F6	Samsung
3C219C	Intel
3C22FB	Apple
3C24F09	Siemens
3C25D7	Nokia
3C286D	Google
3C2C30	DELL
3C2DB7	TI
3C2EF9	Apple
3C2EFF	Apple
3C306F	Huawei
3C363D	Nokia
3C3786	NETGEAR
3C38F4	SONY
3C39C8	Apple
3C46D8	TP-LINK
3C4711	Huawei
3C4A92	HP
3C4DBE	Apple
3C5282	HP
3C5447	Huawei
3C576C	Samsung
3C58C2	Intel
3C591E	TCL
3C5A37	Samsung
3C5AB4	Google
3C5CC4	Amazon
3C5D29	Tmall
3C6200	Samsung
3C678C	Huawei
3C6AA7	Intel
3C6FEA	Panasonic
3C7843	Huawei
3C7C3F	ASUS
3C7D0A	Apple
3C7DB1	TI
3C8375	Microsoft
3C846A	TP-LINK
3C869A	Huawei
3C86D1	vivo
3C8BFE	Samsung
3C8C40	H3C
3C8D20	Google
3C93F4	Huawei
3C9BC6	Huawei
3C9C0F	Intel
3C9D56	Huawei
3CA10D	Samsung
3CA161	Huawei
3CA308	TI
3CA348	vivo
3CA37E	Huawei
3CA581	vivo
3CA616	vivo
3CA6F6	Apple
3CA82A	HP
3CA916	Huawei
3CA9F4	Intel
3CAB8E	Apple
3CB233	Huawei
3CB6B7	vivo
3CB792	Hitachi
3CBBFD	Samsung
3CBD3E	Xiaomi
3CBDD8	LG
3CBF60	Apple
3CC243	Nokia
3CCD36	Apple
3CCD57	Xiaomi
3CCD5D	Huawei
3CCD93	LG
3CD0F8	Apple
3CD2E5	H3C
3CD92B	HP
3CDA2A	ZTE
3CDA6D	TIANDY
3CDCBC	Samsung
3CDFBD	Huawei
3CE064	TI
3CE072	Apple
3CE36B	Dahua
3CE4B0	TI
3CE5A6	H3C
3CE624	LG
3CE824	Huawei
3CE9F7	Intel
3CEF8C	Dahua
3CF011	Intel
3CF591	OPPO
3CF5CC	H3C
3CF652	ZTE
3CF72A	Nokia
3CF7A4	Samsung
3CF808	Huawei
3CF862	Intel
3CFA43	Huawei
3CFDFE	Intel
3CFFD8	Huawei
400634	Huawei
4006A0	TI
400E85	Samsung
400EF3	ZTE
4011C3	Samsung
4014AD	Huawei
40163B	Samsung
40167E	ASUS
40169F	TP-LINK
401C83	Intel
4025C2	Intel
402619	Apple
402BA1	SONY
402C761	Dahua
402E71	TI
402F86	LG
403004	Apple
40313C	Xiaomi
40331A	Apple
4035E6	Samsung
403B7B	Huawei
403CFC	Apple
403F8C	TP-LINK
4040A7	SONY
4044FD	realme
404D7F	Apple
404D8E	Huawei
404E36	HTC
405582	Nokia
405CFD	DELL
405D82	NETGEAR
405EF6	Samsung
405FC2	TI
406186	MSI
40679B	Skyworth
406C8F	Apple
4070F5	Apple
4074E0	Intel
4076A9	Huawei
4077A9	H3C
40786A	Motorola
407A80	Nokia
407C7D	Nokia
407D0F	Huawei
40831D	Apple
408805	Motorola
408BF6	TCL
408C1F	OPPO
408EDF	Huawei
40984E	TI
4098AD	Apple
409B21	Nokia
409BCD	D-Link
409C28	Apple
40A108	Motorola
40A2DB	Amazon
40A3CC	Intel
40A53B	Nokia
40A6B7	Intel
40A6D9	Apple
40A8F0	HP
40A9CF	Amazon
40ACBF	Hikvision
40B034	HP
40B076	ASUS
40B0FA	LG
40B395	Apple
40B4CD	Amazon
40B6E7	Huawei
40B837	SONY
40B93C	HP
40BC60	Apple
40BD32	TI
40C3BC	Huawei
40C711	Apple
40CBA8	Huawei
40CBC0	Apple
40D28A	Nintendo
40D32D	Apple
40D3AE	Samsung
40D855157	Hitachi
40D855176	Schneider
40DCA5	Huawei
40E1E4	Nokia
40E3D6	Aruba
40E64B	Apple
40E99B	Samsung
40EC99	Intel
40ECF8	Siemens
40EEDD	Huawei
40F2E9	IBM
40F407	Nintendo
40F6BC	Amazon
40F8DF	Canon
40F946	Apple
40FE95	H3C
440010	Apple
440049	Amazon
44004D	Huawei
44032C	Intel
4403774	Lenovo
440444	OPPO
44070B	Google
4413D0	ZTE
441622	Microsoft
4418FD	Apple
4419B6	Hikvision
441AFA	H3C
441B88	Apple
441C7F	Motorola
441EA1	HP
44227C	Huawei
44237C	Xiaomi
442A60	Apple
443192	HP
443583	Apple
444687	realme
4447CC	Hikvision
4448C1	HP
444ADB	Apple
444C0C	Apple
444E1A	Samsung
4455B1	Huawei
4455C4	Huawei
445943	ZTE
4459E3	Huawei
445BED	Aruba
445CE9	Samsung
44650D	Amazon
4466FC	OPPO
446747	Huawei
446A2E	Huawei
446D6C	Samsung
446D7F	Amazon
446EE5	Huawei
44746C	SONY
447654	Huawei
44783E	Samsung
4480EB	Motorola
4482E5	Huawei
448500	Intel
4486C1	Siemens
448A5B	MSI
448C00	realme
448F17	Samsung
4490BB	Apple
4494FC	NETGEAR
44975A	FAST
449BC1	Huawei
449EF9	vivo
449F46	Huawei
44A191	Huawei
44A56E	NETGEAR
44A642	Hikvision
44A842	DELL
44A8FC	Apple
44AE44	Huawei
44AEAB	OPPO
44AF28	Intel
44B32D	TP-LINK
44B4B2	Amazon
44BB3B	Google
44C15C	TI
44C346	Huawei
44C65D	Apple
44C7FC	Huawei
44CB8B	LG
44D244	EPSON
44D4E0	SONY
44D5CC	Amazon
44D791	Huawei
44D884	Apple
44DA30	Apple
44E517	Intel
44E66E	Apple
44E968	Huawei
44EA30	Samsung
44EAD8	TI
44F09E	Apple
44F21B	Apple
44F436	ZTE
44F459	Samsung
44F971	Mercury
44FB42	Apple
44FB5A	ZTE
44FFBA	ZTE
480031	Huawei
4801C5	OnePlus
480286	realme
4805E2	Huawei
480EEC	TP-LINK
480FCF	HP
481258	Huawei
48128F	Huawei
48137E	Samsung
48262C	Apple
4827C5	Huawei
4827EA	Samsung
48282F	ZTE
482CA0	Xiaomi
482CD0	Huawei
482CEA	Motorola
482F6B	Aruba
482FD7	Huawei
48352B	Apple
483871	Huawei
483B38	Apple
483C0C	Huawei
483FE9	Huawei
48435A	Huawei
48437C	Apple
4843DD	Amazon
4844F7	Samsung
484520	Intel
4846FB	Huawei
48474B	Huawei
4849C7	Samsung
484AE9	HP
484BAA	Apple
484C29	Huawei
484C86	Huawei
484D7E	DELL
485073	Microsoft
485169	Samsung
4851B7	Intel
4851C5	Intel
485702	Huawei
4857D2	Broadcom
485929	LG
4859A4	ZTE
485B39	ASUS
48605F	LG
4860BC	Apple
4861EE	Samsung
486276	Huawei
48684A	Intel
486E70	Tmall
48701E	TI
48706F	Huawei
487397	H3C
487412	OnePlus
48746E	Apple
4877BD	OPPO
48785E	Amazon
48794D	Samsung
487ADA	H3C
487B6B	Huawei
487D2E	TP-LINK
4883B4	OPPO
4886E8	Microsoft
488759	Xiaomi
488764	vivo
4888CA	Motorola
4889E7	Intel
488AD2	Mercury
488C63	Huawei
488EEF	Huawei
48902F	LG
489507	OPPO
489BE0	realme
489DD1	Samsung
489EBD	HP
48A195	Apple
48A472	Intel
48A516	Huawei
48A5E7	Nintendo
48A74E	ZTE
48A91C	Apple
48AD08	Huawei
48AD9A	Intel
48B25D	Huawei
48B423	Amazon
48B4C3	Aruba
48B8A3	Apple
48BA4E	HP
48BD3D	H3C
48BD4A	Huawei
48BF6B	Apple
48C796	Samsung
48CDD3	Huawei
48D539	Huawei
48D6D5	Google
48D705	Apple
48DB50	Huawei
48DC2D	Huawei
48DCFB	Nokia
48DF37	HP
48E9F1	Apple
48EA63	Uniview
48EC5B	Nokia
48EE0C	D-Link
48EF61	Huawei
48F17F	Intel
48F3F3	Baidu
48F7F1	Nokia
48F8DB	Huawei
48F8E1	Nokia
48FD8E	Huawei
48FDA3	Xiaomi
4C0220	Xiaomi
4C034F	Intel
4C09B4	ZTE
4C0BBE	Microsoft
4C11BF	Dahua
4C14A3	TCL
4C16F1	ZTE
4C1744	Amazon
4C189A	OPPO
4C1A3D	OPPO
4C1D96	Intel
4C1FCC	Huawei
4C20B8	Apple
4C2113	Nokia
4C218C	Panasonic
4C21D0	SONY
4C2498	TI
4C2578	Nokia
4C2E5E	Samsung
4C2EB4	Apple
4C2FD7	Huawei
4C3275	Apple
4C3488	Intel
4C364E	Panasonic
4C3BDF	Microsoft
4C3C16	Samsung
4C3FD3	TI
4C445B	Intel
4C494F	ZTE
4C49E3	Xiaomi
4C4FEE	OnePlus
4C5077	Huawei
4C50F1	OPPO
4C5262	Fujitsu
4C53FD	Amazon
4C5499	Huawei
4C569D	Apple
4C57CA	Apple
4C60DE	NETGEAR
4C617E	Huawei
4C6371	Xiaomi
4C6641	Samsung
4C6BE8	Apple
4C6F9C	OPPO
4C74BF	Apple
4C7625	DELL
4C7766	Mercury
4C77CB	Intel
4C796E	Intel
4C7975	Apple
4C79BA	Intel
4C7C5F	Apple
4C7CD9	Apple
4C7F62	Nokia
4C8093	Intel
4C8BEF	Huawei
4C8D53	Huawei
4C8D79	Apple
4CA56D	Samsung
4CAB4F	Apple
4CABFC	ZTE
4CAC0A	ZTE
4CAE13	Huawei
4CAEA3	HP
4CB16C	Huawei
4CB199	Apple
4CB910	Apple
4CBAD7	LG
4CBCA5	Samsung
4CBCE9	LG
4CBD8F	Hikvision
4CC00A	vivo
4CC94F	Nokia
4CC95E	Samsung
4CCBF5	ZTE
4CCC34	Motorola
4CCC6A	MSI
4CD0CB	Huawei
4CD0DD	Huawei
4CD1A1	Huawei
4CD629	Huawei
4CD98F	DELL
4CDD31	Samsung
4CE0DB	Xiaomi
4CE1732	Lenovo
4CE6C0	Apple
4CE9E4	H3C
4CEAAE	OPPO
4CEB42	Intel
4CEDFB	ASUS
4CEFC0	Amazon
4CF202	Xiaomi
4CF55B	Huawei
4CF5DC	Hikvision
4CF95D	Huawei
4CFB45	Huawei
500084	Siemens
50016B	Huawei
5001BB	Samsung
5001D9	Huawei
5004B8	Huawei
500B918	Panasonic
500FF5	Tenda
501AC5	Microsoft
501D93	Huawei
501FC6	Apple
5021EC	Huawei
5023A2	Apple
502690	Fujitsu
50284A	Intel
502873	Huawei
5029F5	OPPO
502B73	Tenda
502D1D	Nokia
502DA2	Intel
502E5C	HTC
502F9B	Intel
503237	Apple
503275	Samsung
50338B	TI
503AA0	Mercury
503CC4	Lenovo
503CEA	OPPO
503DA1	Samsung
503DC6	Xiaomi
503DEB	Tmall
503EAA	TP-LINK
504061	Nokia
504289	ZTE
50464A	Huawei
50465D	ASUS
5046AE	Mercury
5049B0	Samsung
504A6E	NETGEAR
504B9E	Huawei
5050A4	Samsung
5051A9	TI
50523B	Nokia
505527	LG
505663	TI
5056BF	Samsung
50578A	Apple
50579C	EPSON
50586F	Huawei
505D7A	ZTE
505DAC	Huawei
50642B	Xiaomi
506583	TI
5065F3	HP
50680A	Huawei
5068AC	Huawei
506A03	NETGEAR
506F77	Huawei
507224	TI
5076AF	Intel
507705	Samsung
5078B0	Huawei
5078B3	ZTE
507A55	Apple
507AC5	Apple
507C6F	Intel
508140	HP
5082D5	Apple
508492	Intel
508569	Samsung
50874D	OPPO
508965	Mercury
5089D1	Huawei
508CB1	TI
508E49	Xiaomi
508F4C	Xiaomi
5092B9	Samsung
509839	Xiaomi
5098B8	H3C
509A4C	DELL
509A88	Huawei
509EA7	Samsung
509F27	Huawei
50A009	Xiaomi
50A0A4	Nokia
50A4C8	Samsung
50A67F	Apple
50A72B	Huawei
50AF4D	ZTE
50B7C3	Samsung
50BC96	Apple
50BD5F	TP-LINK
50C7BF	TP-LINK
50C8E5	Samsung
50CCF8	Samsung
50D2F5	Xiaomi
50D4F7	TP-LINK
50DA00	H3C
50DAD6	Xiaomi
50DCE7	Amazon
50DE06	Apple
50E085	Intel
50E0EF	Nokia
50E24E	ZTE
50E7B7	vivo
50EAD6	Apple
50EB71	Intel
50EBF6	ASUS
50EC50	Xiaomi
50ED3C	Apple
50F0D3	Samsung
50F14A	TI
50F4EB	Apple
50F520	Samsung
50F5DA	Amazon
50F7ED	Huawei
50F958	Huawei
50FA84	TP-LINK
50FC9F	Samsung
5404A6	ASUS
540764	Huawei
540910	Apple
540955	ZTE
540DF9	Huawei
540E2D	vivo
540E58	OPPO
541310	Huawei
5414F3	Intel
5419C8	vivo
541F8D	ZTE
54211D	Huawei
54219D	Samsung
5422F8	ZTE
5425EA	Huawei
542696	Apple
542758	Motorola
542B8D	Apple
542BDE	H3C
5433CB	Apple
5434EF	Huawei
5439DF	Huawei
543AD6	Samsung
5440AD	Samsung
544249	SONY
544408	Nokia
5444A3	Samsung
544538	TI
544617	ZTE
544810	DELL
5448E6	Xiaomi
544A16	TI
544E90	Apple
54511B	Huawei
545284	Huawei
5453ED	SONY
5455D5	Huawei
546009	Google
5462E2	Apple
546706	OPPO
546990	Huawei
546C0E	TI
546CEB	Intel
5471DD	Huawei
54724F	Apple
547595	TP-LINK
54778A	HP
547975	Nokia
547DCD	TI
548028	HP
5484DC	ZTE
54880E	Samsung
548998	Huawei
548D5A	Intel
549209	Huawei
5492BE	Samsung
549963	Apple
549B12	Samsung
549F06	Nokia
549F13	Apple
549F35	DELL
54A050	ASUS
54A51B	Huawei
54A6DB	Huawei
54A703	TP-LINK
54AE27	Apple
54AF97	TP-LINK
54B121	Huawei
54B802	Samsung
54B80A	D-Link
54BAD6	Huawei
54BD79	Samsung
54BE53	ZTE
54BF64	DELL
54C415	Hikvision
54C480	Huawei
54C80F	TP-LINK
54CD10	Panasonic
54CE82	ZTE
54CF8D	Huawei
54D17D	Samsung
54D9C6	Huawei
54E15B	Huawei
54E43A	Apple
54E61B	Apple
54E6FC	TP-LINK
54EAA8	Apple
54F201	Samsung
54F294	Huawei
54F607	Huawei
54F6E2	Huawei
54FA3E	Samsung
54FA96	Nokia
54FCF0	Samsung
5803FB	Hikvision
580AD4	Apple
581122	ASUS
58170C	SONY
581CF8	Intel
581F28	Huawei
581FAA	Apple
582059	Xiaomi
5820B1	HP
582429	Google
582575	Huawei
582AF7	Huawei
582B0A	TI
582F40	Nintendo
58355D	Huawei
583F54	LG
58404E	Apple
584120	TP-LINK
584498	Xiaomi
584822	SONY
5850ED	Hikvision
585595	Apple
5855CA	Apple
5856C2	Huawei
585FF6	ZTE
58605F	Huawei
5864C4	Apple
5866BA	H3C
586AB1	H3C
586B14	Apple
586C25	Intel
587A62	TI
587A6A	OPPO
587F57	Apple
587F66	Huawei
5882A8	Microsoft
5885A2	realme
5885E9	realme
58879F	Huawei
588A5A	DELL
588FCF	EZVIZ
5891CF	Intel
5893D8	TI
58946B	Intel
5894AE	Huawei
58961D	Intel
58A023	Intel
58A2B5	LG
58A639	Samsung
58A839	Intel
58AE2B	Huawei
58AEA8	Huawei
58B035	Apple
58B03E	Nintendo
58B10F	Samsung
58B38F	H3C
58B623	Xiaomi
58BAD4	Huawei
58BDA3	Nintendo
58BE72	Huawei
58C38B	Samsung
58C5CB	Samsung
58C6F0	OPPO
58C7AC	H3C
58CB52	Google
58CE2A	Intel
58D061	Huawei
58D349	Apple
58D56E	D-Link
58D697	OPPO
58D759	Huawei
58D9C3	Motorola
58D9D5	Tenda
58E28F	Apple
58E6BA	Apple
58F2FC	Huawei
58F987	Huawei
58FB84	Intel
58FDB1	LG
5C0214	Xiaomi
5C0339	Huawei
5C0947	Apple
5C0979	Huawei
5C0A5B	Samsung
5C0CE6	Nintendo
5C10C5	Samsung
5C1720	Huawei
5C17CF	OnePlus
5C1BF4	Apple
5C1CB9	vivo
5C1DD9	Apple
5C260A	DELL
5C2E59	Samsung
5C313E	TI
5C36B8	TCL
5C3A3D	ZTE
5C3C27	Samsung
5C3E1B	Apple
5C415A	Amazon
5C497D	Samsung
5C4CA9	Huawei
5C50D9	Apple
5C514F	Intel
5C5181	Samsung
5C5188	Motorola
5C521E	Nintendo
5C5230	Apple
5C5284	Apple
5C546D	Huawei
5C57C8	Nokia
5C5948	Apple
5C5F67	Intel
5C60BA	HP
5C625A	Canon
5C63BF	TP-LINK
5C647A	Huawei
5C666C	OPPO
5C6B32	TI
5C6F69	Broadcom
5C7017	Apple
5C70A3	LG
5C78F8	Huawei
5C7D5E	Huawei
5C80B6	Intel
5C8382	Nokia
5C843C	SONY
5C865C	Samsung
5C8730	Apple
5C879C	Intel
5C899A	TP-LINK
5C8A38	HP
5C8D4E	Apple
5C9157	Huawei
5C95AE	Apple
5C9666	SONY
5C969D	Apple
5C97F3	Apple
5C9960	Samsung
5C9AA1	Huawei
5C9AD8	Fujitsu
5CA39D	Samsung
5CA4F4	ZTE
5CA6E6	TP-LINK
5CA721	H3C
5CA86A	Huawei
5CAD76	TCL
5CADCF	Apple
5CAF06	LG
5CB00A	Huawei
5CB395	Huawei
5CB43E	Huawei
5CB4E2	Inspur
5CB524	SONY
5CB901	HP
5CBA2C	HP
5CBA37	Microsoft
5CBD9A	Huawei
5CC0A0	Huawei
5CC1D7	Samsung
5CC307	Huawei
5CC5D4	Intel
5CC6D0	Skyworth
5CC999	H3C
5CCA1A	Microsoft
5CCB99	Samsung
5CCD5B	Intel
5CCD7C	Meizu
5CD06E	Xiaomi
5CD2E4	Intel
5CD89E	Huawei
5CD998	D-Link
5CDD70	H3C
5CDE34	Mercury
5CE0C5	Intel
5CE42A	Intel
5CE50C	Xiaomi
5CE747	Huawei
5CE7A0	Nokia
5CE883	Huawei
5CE8EB	Samsung
5CE91E	Apple
5CED8C	HP
5CEDF4	Samsung
5CF3FC	IBM
5CF51A	Dahua
5CF5DA	Apple
5CF6DC	Samsung
5CF7E6	Apple
5CF821	TI
5CF938	Apple
5CF96A	Huawei
5CF9DD	DELL
600308	Apple
60058A	Hitachi
6006E3	Apple
6007C4	OPPO
600810	Huawei
600B03	H3C
60109E	Huawei
60123C	Huawei
60128B	Canon
601466	ZTE
60183A	Huawei
601888	ZTE
601895	DELL
601D91	Motorola
602101	OPPO
6026EF	Aruba
602E20	Huawei
6030D4	Apple
6032B1	TP-LINK
60334B	Apple
6036DD	Intel
603A7C	TP-LINK
603AAF	Samsung
603CEE	LG
603D29	Huawei
6045BD	Microsoft
6045CB	ASUS
604DE1	Huawei
604F5B	Huawei
605375	Huawei
605718	Intel
605B30	DELL
605E4F	Huawei
60601F	DJI
60634C	D-Link
606405	TI
606720	Intel
60684E	Samsung
606944	Apple
606BBD	Samsung
606BFF	Nintendo
606C66	Intel
606EE8	Xiaomi
6070C0	Apple
6073BC	ZTE
607771	TI
6077E2	Samsung
607EC9	Apple
607ECD	Huawei
607EDD	Microsoft
608334	Huawei
608373	Apple
608B0E	Apple
608C4A	Apple
608E08	Samsung
608F5C	Samsung
608FA4	Nokia
6091F3	vivo
609217	Apple
609316	Apple
6095BD	Apple
609866	TI
6099D1	Lenovo
609AC1	Apple
609BB4	Huawei
609E64	vivo
60A10A	Samsung
60A37D	Apple
60A44C	ASUS
60A4B7	TP-LINK
60A4D0	Samsung
60A5E2	Intel
60A6C5	Huawei
60A751	Huawei
60A8FE	Nokia
60AAEF	Huawei
60AB14	LG
60AB67	Xiaomi
60AF6D	Samsung
60B6E1	TI
60B76E	Google
60BEB5	Motorola
60BEC4	Apple
60C547	Apple
60C5AD	Samsung
60CE41	Huawei
60D0A9	Samsung
60D4E9	OPPO
60D755	Huawei
60D9A0	Lenovo
60D9C7	Apple
60DA83	H3C
60DB15	H3C
60DD70	Apple
60DD8E	Intel
60DE44	Huawei
60DEF3	Huawei
60E327	TP-LINK
60E32B	Intel
60E3AC	LG
60E701	Huawei
60E85B	TI
60EE5C	FAST
60F18A	Huawei
60F262	Intel
60F445	Apple
60F677	Intel
60F81D	Apple
60FA9D	Huawei
60FACD	Apple
60FB42	Apple
60FEC5	Apple
60FF12	Samsung
64006A	DELL
64037F	Samsung
6407F6	Samsung
640980	Xiaomi
640BD7	Apple
640D22	LG
640DCE	Mercury
6411A4	Motorola
64136C	ZTE
6413AB	Huawei
6416F0	Huawei
641CAE	Samsung
641CB0	Samsung
64200C	Apple
642315	Huawei
642753	Huawei
642C0F	vivo
642CAC	Huawei
642FC7	H3C
643150	HP
6432A8	Intel
6433DB	TI
643E8C	Huawei
64497D	Intel
644C36	Intel
645106	HP
645601	TP-LINK
645A36	Apple
645AED	Apple
645D86	Intel
645DF4	Samsung
645E10	Huawei
646140	Huawei
64644A	Xiaomi
6466B3	TP-LINK
64694E	TI
646CB2	Samsung
646D2F	Apple
646D4E	Huawei
646D6C	Huawei
646E97	TP-LINK
646EE0	Intel
647002	TP-LINK
647033	Apple
6476BA	Apple
647791	Samsung
647924	Huawei
6479F0	Intel
647BCE	Samsung
647BD4	TI
648099	Intel
64899A	LG
6489F1	Samsung
6490C1	Xiaomi
64956C	LG
649ABE	Apple
649C8E	TI
649E31	Xiaomi
64A198	Huawei
64A200	Xiaomi
64A28A	Huawei
64A2F9	OnePlus
64A3CB	Apple
64A5C3	Apple
64A651	Huawei
64A769	HTC
64B0A6	Apple
64B0E8	Huawei
64B310	Samsung
64B473	Xiaomi
64B5C6	Nintendo
64B64A	vivo
64B853	Samsung
64B94E	DELL
64B9E8	Apple
64BC0C	LG
64BC58	Intel
64BF6B	Huawei
64C2DE	LG
64C394	Huawei
64C753	Apple
64CBE9	LG
64CC2E	Xiaomi
64CFD9	TI
64D0D6	Samsung
64D2C4	Apple
64D4DA	Intel
64D69A	Intel
64D7C0	Huawei
64DB43	Motorola
64DB8B	Hikvision
64DDE9	Xiaomi
64E682	Apple
64E7D8	Samsung
64E881	Aruba
64EB8C	EPSON
64EEB7	netcore
64F2FB	EZVIZ
64F705	Huawei
64F81C	Huawei
680571	Samsung
6805CA	Intel
680715	Intel
680927	Apple
681324	Huawei
681729	Intel
681AB2	ZTE
681BEF	Huawei
681FD8	Siemens
682737	Samsung
682F67	Apple
6837E9	Amazon
683E02	Siemens
683E26	Intel
683E34	Meizu
684571	Huawei
6845F1	Toshiba
684749	TI
684898	Samsung
684AAE	Huawei
684AE9	Samsung
684F64	DELL
68545A	Intel
6854FD	Amazon
685ACF	Samsung
685B35	Apple
685D43	Intel
685E1C	TI
68644B	Apple
6869CA	Hitachi
686DBC	Hikvision
6872C3	Samsung
68764F	SONY
687724	TP-LINK
687A64	Intel
687D6B	Samsung
687FF0	TP-LINK
6881E0	Huawei
6883CB	Apple
68847E	Fujitsu
6889C1	Huawei
688AF0	ZTE
688F84	Huawei
689320	H3C
68967B	Apple
689A87	Amazon
689C70	Apple
689E19	TI
689E6A	Huawei
689FF0	ZTE
68A03E	Huawei
68A0F6	Huawei
68A7B4	Honor
68A828	Huawei
68A86D	Apple
68AB09	Nokia
68AB1E	Apple
68ABBC	Xiaomi
68AE20	Apple
68B599	HP
68B691	Amazon
68BFC4	Samsung
68C44D	Motorola
68C90B	TI
68CC6E	Huawei
68D927	Huawei
68D93C	Apple
68DBCA	Apple
68DBF5	Amazon
68DFDD	Xiaomi
68E209	Huawei
68E74A	TI
68E7C2	Samsung
68EBAE	Samsung
68ECC5	Intel
68EF43	Apple
68FB7E	Apple
68FCCA	Samsung
68FEF7	Apple
68FF7B	TP-LINK
6C006B	Samsung
6C02E0	HP
6C047A	Huawei
6C06D6	Huawei
6C0D34	Nokia
6C0DC4	Xiaomi
6C0E0D	SONY
6C146E	Huawei
6C1632	Huawei
6C198F	D-Link
6C19C0	Apple
6C1A75	Huawei
6C1C71	Dahua
6C1ED7	vivo
6C23B9	SONY
6C2483	Microsoft
6C24A6	vivo
6C2636	Huawei
6C2779	Microsoft
6C2995	Intel
6C2B59	DELL
6C2CDC	Skyworth
6C2F2C	Samsung
6C2F8A	Samsung
6C302A	TI
6C3491	Huawei
6C3BE5	HP
6C3C7C	Canon
6C3E6D	Apple
6C4008	Apple
6C442A	Huawei
6C4A85	Apple
6C4D73	Apple
6C51BF	Huawei
6C558D	Huawei
6C5697	Amazon
6C5940	Mercury
6C5AB0	TP-LINK
6C5AB5	TCL
6C5C14	OPPO
6C5D3A	Microsoft
6C5F1C	Lenovo
6C60D0	Huawei
6C626D	MSI
6C67EF	Huawei
6C6A77	Intel
6C6C0F	Huawei
6C709F	Apple
6C71D2	Huawei
6C7220	D-Link
6C72E7	Apple
6C7637	Huawei
6C79B8	TI
6C8336	Samsung
6C8814	Intel
6C8B2F	ZTE
6C8DC1	Apple
6C8FB5	Microsoft
6C92BF	Inspur
6C9466	Intel
6C94F8	Apple
6C96CF	Apple
6C976D	Motorola
6C999D	Amazon
6C9B02	Nokia
6CA100	Intel
6CA75F	ZTE
6CA780	Nokia
6CAB31	Apple
6CAE8B	IBM
6CAEE3	Nokia
6CB0CE	NETGEAR
6CB158	TP-LINK
6CB227	SONY
6CB2FD	TI
6CB4FD	Huawei
6CB749	Huawei
6CB7F4	Samsung
6CB881	ZTE
6CBFB5	TerraMaster
6CC217	HP
6CC242	Skyworth
6CC26B	Apple
6CC374	TI
6CC49F	Aruba
6CC7EC	Samsung
6CCDD6	NETGEAR
6CD032	LG
6CD1E5	Huawei
6CD2BA	ZTE
6CD68A	LG
6CD704	Huawei
6CD71F	OPPO
6CD94C	vivo
6CDDBC	Samsung
6CE5C9	Apple
6CE5F7	H3C
6CE85C	Apple
6CE873	TP-LINK
6CE874	Huawei
6CE907	Nokia
6CEBB6	Huawei
6CECEB	TI
6CF17E	Uniview
6CF373	Samsung
6CF37F	Aruba
6CF712	Nokia
6CF784	Xiaomi
6CFE54	Intel
700514	LG
700971	Samsung
70106F	HP
701124	Apple
7014A6	Apple
70192F	Huawei
701AB8	Intel
701CE7	Intel
701F3C	Samsung
702084	Foxconn
702526	Nokia
702605	SONY
70288B	Samsung
702AD5	Samsung
702C09	Nintendo
702E22	ZTE
702F35	Huawei
70317F	Apple
703217	Intel
703811	Siemens
703A0E	Aruba
703A51	Xiaomi
703AA6	H3C
703ACB	Google
703C69	Apple
703D15	H3C
703EAC	Apple
7040FF	Huawei
7047E9	vivo
70480F	Apple
7048F7	Nintendo
704D7B	ASUS
704E66	FAST
704E6B	Huawei
704F57	TP-LINK
7054F5	Huawei
705681	Apple
7057BF	H3C
705812	Panasonic
705A0F	HP
705AAC	Samsung
705E55	realme
705FA3	Xiaomi
7062B8	D-Link
70662A	SONY
70700D	Apple
7070AA	Amazon
70720D	Lenovo
70723C	Huawei
7073CB	Apple
70788B	vivo
707990	Huawei
707BE8	Huawei
7081EB	Apple
708540	Skyworth
7086C1	TI
708A09	Huawei
708BCD	ASUS
708CB6	Huawei
708D09	Nokia
708F47	vivo
7090B7	Huawei
709CD1	Intel
709E29	SONY
709F2D	ZTE
70A2B3	Apple
70A6BD	Honor
70A6CC	Intel
70A8D3	Intel
70A8E3	Huawei
70B13D	Samsung
70B306	Apple
70B3D5153	Schneider
70B3D520C	Siemens
70B3D5257	LG
70B3D5270	Amazon
70B3D52E4	Schneider
70B3D52EA	Schneider
70B3D533D	Schneider
70B3D53FE	Siemens
70B3D544A	Canon
70B3D54AC	Microsoft
70B3D54F1	LG
70B3D5708	IBM
70B3D5723	LG
70B3D5765	LG
70B3D57D1	Schneider
70B3D5884	LG
70B3D588D	LG
70B3D58D7	Schneider
70B3D5927	LG
70B3D59C0	Schneider
70B3D59E3	LG
70B3D5A23	LG
70B3D5ACC	Schneider
70B3D5C87	Siemens
70B3D5CCA	Siemens
70B3D5D28	Toshiba
70B3D5E40	Siemens
70B3D5E6F	Amazon
70B3D5EC8	Panasonic
70B5E8	DELL
70B7AA	vivo
70B950	TI
70BAEF	H3C
70BBE9	Xiaomi
70BC10	Microsoft
70C6DD	H3C
70C7F2	Huawei
70CD0D	Intel
70CD60	Apple
70CE8C	Samsung
70CF49	Intel
70D313	Huawei
70D823	Intel
70D923	vivo
70DDA8	OPPO
70DDEF	Huawei
70DEE2	Apple
70E56E	TI
70E72C	Apple
70EA5A	Apple
70ECE4	Apple
70EF00	Apple
70F087	Apple
70F088	Nintendo
70F927	Samsung
70F96D	H3C
70FD45	Huawei
70FD46	Samsung
70FF76	TI
74042B	Lenovo
7404F1	Intel
7405A5	TP-LINK
740AE1	Huawei
740CEE	Huawei
7413EA	Intel
741575	Xiaomi
741AE03	Philips
741BB2	Apple
741F4A	H3C
7422BB	Huawei
742344	Xiaomi
74258A	H3C
7426FF	ZTE
742B62	Fujitsu
74342B	Huawei
7438B7	Canon
743A20	H3C
743AF4	Intel
7440BE	LG
74428B	Apple
744401	NETGEAR
74452D	Huawei
74458A	Samsung
7446A0	HP
7446B3	TI
744AA4	ZTE
74504E	H3C
7451BA	Xiaomi
745427	FAST
7458F3	Amazon
745909	Huawei
745AAA	Huawei
745F00	Samsung
7460FA	Huawei
7463C2	Huawei
74650C	Apple
746F88	ZTE
747069	Huawei
7470FD	Intel
74718B	Apple
747446	Google
747548	Amazon
747827	DELL
748114	Apple
748469	Nintendo
7485C4	H3C
74867A	DELL
7486E2	DELL
74882A	Huawei
748D08	Apple
748F3C	Apple
749781	ZTE
749975	IBM
749D8F	Huawei
749EAF	Apple
749EF5	Samsung
74A063	Huawei
74A528	Huawei
74A722	LG
74A78E	ZTE
74A7EA	Amazon
74B57E	ZTE
74B587	Apple
74B725	Huawei
74BFC0	Canon
74C14F	Huawei
74C246	Amazon
74C330	FAST
74C929	Dahua
74D02B	ASUS
74D21D	Huawei
74D285	TI
74D637	Amazon
74D6CB	H3C
74D6EA	TI
74D7CA	Panasonic
74D83E	Intel
74DA88	TP-LINK
74DADA	D-Link
74DAEA	TI
74E182	TI
74E1B6	Apple
74E20C	Amazon
74E28C	Microsoft
74E2F5	Apple
74E50B	Intel
74E5F9	Intel
74E6B8	LG
74E6E2	DELL
74E9BF	Huawei
74EA3A	TP-LINK
74EAC8	H3C
74EACB	H3C
74EB80	Samsung
74ECB2	Amazon
74EF4B	OPPO
74F2FA	Xiaomi
74F61C	HTC
74F661	Schneider
74F9CA	Nintendo
74FF4C	Skyworth
78009E	Samsung
78028B	Apple
7802F8	Xiaomi
78034F	Nokia
780473	TI
7804E3	Huawei
7806C9	Huawei
780CB8	Intel
7811DC	Xiaomi
781735	Nokia
7817BE	Huawei
7818A8	Huawei
781D4A	ZTE
781DBA	Huawei
781FDB	Samsung
7820A5	Nintendo
782327	Samsung
7824AF	ASUS
7825AD	Samsung
782B46	Intel
782BCB	DELL
782C29	H3C
782EEF	Nokia
78312B	ZTE
7831C1	Apple
78321B	D-Link
783486	Nokia
7836CC	OPPO
783716	Samsung
783A84	Apple
7840E4	Samsung
7844FD	TP-LINK
7845B3	Huawei
7845C4	DELL
7846D4	Samsung
78471D	Samsung
784859	HP
784F43	Apple
78521A	Samsung
78530D	Skyworth
78542E	D-Link
785773	Huawei
785860	Huawei
78595E	Samsung
785B64	Huawei
785DC8	LG
785F36	Skyworth
786256	Huawei
7864C0	Apple
7866AE	ZTE
7867D7	Apple
786A89	Huawei
786C1C	Apple
7872644	ASUS
787B8A	Apple
787E61	Apple
78843C	SONY
7885F4	Huawei
78886D	Apple
7890A2	ZTE
78923E	Nokia
78929C	Intel
789682	ZTE
7898E8	D-Link
789ED0	Samsung
789F70	Apple
789F87	Siemens
789FAA	Huawei
78A03F	Amazon
78A106	TP-LINK
78A2A0	Nintendo
78A3E4	Apple
78A504	TI
78A6A0	EZVIZ
78A873	Samsung
78AA82	H3C
78ABBB	Samsung
78AC44	DELL
78ACC0	HP
78AF08	Intel
78B46A	Huawei
78B554	Huawei
78BDBC	Samsung
78C1A7	ZTE
78C3E9	Samsung
78C5E5	TI
78C5F8	Huawei
78C881	SONY
78CA04	Nokia
78CA39	Apple
78CF2F	Huawei
78CFF9	Huawei
78D162	Apple
78D294	NETGEAR
78D6B2	Toshiba
78D6DC	Motorola
78D6F0	Samsung
78D752	Huawei
78D75F	Apple
78DA07	Tmall
78DB2F	TI
78DD33	Huawei
78DEE4	TI
78E103	Amazon
78E22C	Huawei
78E3B5	HP
78E3DE	Apple
78E7D1	HP
78E8B6	ZTE
78EB14	FAST
78EB46	Huawei
78F09B	Huawei
78F238	Samsung
78F557	Huawei
78F5FD	Huawei
78F7BE	Samsung
78F882	LG
78F9B4	Nokia
78FBD8	Apple
78FD94	Apple
78FF57	Intel
7C004D	Huawei
7C010A	TI
7C0191	Apple
7C035E	Xiaomi
7C03AB	Xiaomi
7C04D0	Apple
7C0A3F	Samsung
7C0BC6	Samsung
7C10C9	ASUS
7C11BE	Apple
7C11CB	Huawei
7C1AC0	Huawei
7C1B93	Huawei
7C1C4E	LG
7C1C68	Samsung
7C1CF1	Huawei
7C1DD9	Xiaomi
7C1E06	H3C
7C1E52	Microsoft
7C214A	Intel
7C2302	Samsung
7C2499	Apple
7C2A31	Intel
7C2ACA	Apple
7C2ADB	Xiaomi
7C2EBD	Google
7C2EDD	Samsung
7C33F9	Huawei
7C35F8	Tmall
7C3866	TI
7C38AD	Samsung
7C3953	ZTE
7C3985	Huawei
7C3D2B	Huawei
7C3E74	Huawei
7C41A2	Nokia
7C4685	Motorola
7C49EB	Xiaomi
7C4E09	Skyworth
7C5049	Apple
7C5079	Intel
7C573C	Aruba
7C5CF8	Intel
7C6097	Huawei
7C6166	Amazon
7C6193	HTC
7C6305	Amazon
7C6456	Samsung
7C669D	TI
7C67A2	Intel
7C6B9C	OPPO
7C6D62	Apple
7C6DF8	Apple
7C70DB	Intel
7C73EB	Huawei
7C7635	Intel
7C7668	Huawei
7C787E	Samsung
7C7A91	Intel
7C7D3D	Huawei
7C8530	Nokia
7C8956	Samsung
7C8BB5	Samsung
7C8BCA	TP-LINK
7C8EE4	TI
7C9122	Samsung
7C942A	Huawei
7C94B2	Philips
7C97E1	Huawei
7C9A1D	Apple
7CA177	Huawei
7CA1AE	Apple
7CA23E	Huawei
7CA62A	HP
7CAB60	Apple
7CB073	realme
7CB0C2	Intel
7CB15D	Huawei
7CB27D	Intel
7CB566	Intel
7CB59B	TP-LINK
7CBB8A	Nintendo
7CC180	Apple
7CC225	Samsung
7CC294	Xiaomi
7CC2C6	TP-LINK
7CC385	Huawei
7CC3A1	Apple
7CC537	Apple
7CC95A	DELL
7CCCB8	Intel
7CD1C3	Apple
7CD566	Amazon
7CD661	Xiaomi
7CD95C	Google
7CD9A0	Huawei
7CDE78	H3C
7CEC79	TI
7CECB1	Apple
7CED8D	Microsoft
7CF05F	Apple
7CF31B	LG
7CF854	Samsung
7CF90E	Samsung
7CFADF	Apple
7CFC16	Apple
7CFD6B	Xiaomi
80000B	Intel
80006E	Apple
800184	HTC
80045F	Apple
800A805	ZIDOO
800B51	XGIMI
800C67	Apple
800CF9	Amazon
801382	Huawei
801844	DELL
8018A7	Samsung
801934	Intel
801970	Samsung
8020FD	Samsung
802689	D-Link
8030DC	TI
8030E0	HP
8031F0	Samsung
803253	Intel
8035C1	Xiaomi
803773	NETGEAR
8038BC	Huawei
8038FB	Intel
803C20	Huawei
804126	Huawei
8045DD	Intel
804786	Samsung
804971	Apple
804A14	Apple
804E70	Samsung
804E81	Samsung
80501B	Nokia
80549C	Samsung
8054D9	Huawei
805719	Samsung
8058F8	Motorola
805A04	LG
805B65	LG
805FC5	Apple
806036	Huawei
80656D	Samsung
80657C	Apple
806933	Huawei
806C1B	Motorola
806D71	Amazon
806F1C	Huawei
806FB0	TI
80717A	Huawei
807264	Huawei
807ABF	HTC
807B3E	Samsung
807D14	Huawei
808223	Apple
8086D9	Samsung
8086F2	Intel
808917	TP-LINK
808A8B	vivo
808ABD	Samsung
808DB7	HP
808F1D	TP-LINK
80929F	Apple
809621	Lenovo
809B20	Intel
809FF5	Samsung
80AD16	Xiaomi
80B03D	Apple
80B07B	ZTE
80B575	Huawei
80B655	Intel
80B686	Huawei
80BE05	Apple
80C16E	HP
80C5E6	Microsoft
80C755	Panasonic
80CC12	Huawei
80CC9C	NETGEAR
80CE62	HP
80CEB9	Samsung
80CF41	Lenovo
80CFA2	Huawei
80D09B	Huawei
80D2E5	Nintendo
80D4A5	Huawei
80D605	Apple
80E1BF	Huawei
80E455	H3C
80E650	Apple
80E82C	HP
80EA07	TP-LINK
80EA96	Apple
80ED2C	Apple
80EE25	Skyworth
80F5B5	TI
80F62E	H3C
80FB06	Huawei
8400D2	SONY
840B2D	Samsung
84100D	Motorola
84119E	Samsung
84139F	ZTE
84144D	Intel
8415D3	Huawei
84160C	Broadcom
8416F9	TP-LINK
841B5E	NETGEAR
841B77	Intel
841C70	ZTE
8421F1	Huawei
842519	Samsung
8425DB	Samsung
84262B	Nokia
842999	Apple
842AFD	HP
842B2B	DELL
842BBC	DELL
842E27	Samsung
843497	HP
8437D5	Samsung
843835	Apple
843838	Samsung
843A4B	Intel
843E92	Huawei
844167	Apple
8444AF	Tmall
8446FE	Huawei
844765	Huawei
845181	Samsung
8454DF	Huawei
8455A5	Samsung
845733	Microsoft
845B12	Huawei
845CF3	Intel
845F04	Samsung
8463D6	Microsoft
846569	H3C
84683E	Intel
846878	Apple
846991	Nokia
846993	HP
846FCE	OPPO
84716A	Huawei
84742A	ZTE
847460	ZTE
847637	Huawei
84788B	Apple
847A88	HTC
847B57	Intel
847BEB	DELL
847E40	TI
848506	Apple
8489AD	Apple
848C8D	Apple
848E0C	Apple
848EDF	SONY
848F69	DELL
8493A0	Huawei
8493B2	ZTE
849866	Samsung
849A40	Hikvision
849FB5	Huawei
84A134	Apple
84A466	Samsung
84A6C8	Intel
84A8E4	Huawei
84A93E	HP
84A9C4	Huawei
84AB1A	Apple
84AC16	Apple
84AD58	Huawei
84AD8D	Apple
84B153	Apple
84B541	Samsung
84B8B8	Motorola
84BA3B	Canon
84BE52	Huawei
84C0EF	Samsung
84C5A6	Intel
84C692	TI
84C7EA	SONY
84C9B2	D-Link
84CC63	Huawei
84D3D5	Huawei
84D47E	Aruba
84D6D0	Amazon
84D81B	TP-LINK
84D931	H3C
84DBAC	Huawei
84DBFC	Nokia
84DD20	TI
84E0F46	SONY
84E986	Huawei
84EB18	TI
84EF18	Intel
84FCAC	Apple
84FCFE	Apple
84FDD1	Intel
8801F9	TI
8803E9	OPPO
88074B	LG
88108F	Huawei
881196	Huawei
8815C5	Huawei
881908	Apple
881FA1	Apple
88200D	Apple
882510	Aruba
882593	TP-LINK
8828B3	Huawei
88299C	Samsung
882A5E	H3C
882D53	Baidu
88329B	Samsung
883314	TI
88365F	LG
8836CF	Huawei
883A30	Aruba
883C1C	Mercury
883D24	Google
883F4A	TI
883F99	Siemens
883FD3	Huawei
884033	Huawei
88403B	Huawei
884477	Huawei
8844F6	Nokia
884604	Xiaomi
884AEA	TI
884B39	Siemens
884D7C	Apple
8851FB	HP
8852EB	Xiaomi
88532E	Intel
885395	Apple
8853D4	Huawei
88541F	Google
885A06	OPPO
885DFB	ZTE
8863DF	Apple
886440	Apple
886639	Huawei
88665A	Apple
8866A5	Apple
88693D	Huawei
886AB1	vivo
886B6E	Apple
886FD4	DELL
88708C	Lenovo
8871E5	Amazon
887384	Toshiba
887598	Samsung
887873	Intel
88797E	Motorola
8881B9	Huawei
888322	Samsung
888603	Huawei
888717	Canon
88892F	Huawei
888E68	Huawei
888FA4	Huawei
889B39	Samsung
889F6F	Samsung
88A0BE	Huawei
88A2D7	Huawei
88A303	Samsung
88A479	Apple
88A9B7	Apple
88ADD2	Samsung
88AE07	Apple
88B111	Intel
88B291	Apple
88B362	Nokia
88B4A6	Motorola
88B945	Apple
88BCC1	Huawei
88BD45	Samsung
88BFE4	Huawei
88C08B	Apple
88C174	ZTE
88C227	Huawei
88C255	TI
88C397	Xiaomi
88C663	Apple
88C9D0	LG
88C9E8	SONY
88CB87	Apple
88CC45	Skyworth
88CEFA	Huawei
88CF98	Huawei
88D274	ZTE
88D50C	OPPO
88D7F6	ASUS
88D82E	Intel
88DF9E	H3C
88E056	Huawei
88E3AB	Huawei
88E87F	Apple
88E9A4	HP
88E9FE	Apple
88F56E	Huawei
88F7BF	vivo
88F872	Huawei
8C006D	Apple
8C04BA	DELL
8C0C87	Nokia
8C0D76	Huawei
8C0EE3	OPPO
8C0FC9	Huawei
8C14B4	ZTE
8C15C7	Huawei
8C1759	Intel
8C17B6	Huawei
8C1ABF	Samsung
8C1D96	Intel
8C1F64397	Intel
8C1F64611	Siemens
8C210A	TP-LINK
8C2505	Huawei
8C2937	Apple
8C2DAA	Apple
8C3401	OPPO
8C3446	Huawei
8C34FD	Huawei
8C3AE3	LG
8C3BAD	NETGEAR
8C426D	Huawei
8C47BE	DELL
8C49B6	vivo
8C53C3	Xiaomi
8C554A	Intel
8C5646	LG
8C56C5	Nintendo
8C5877	Apple
8C5AC1	Huawei
8C5AF8	Xiaomi
8C5EBD	Huawei
8C6422	SONY
8C64A2	OnePlus
8C6794	vivo
8C683A	Huawei
8C68C8	ZTE
8C6BDB	Huawei
8C6D77	Huawei
8C705A	Intel
8C71F8	Samsung
8C736E	Fujitsu
8C7712	Samsung
8C78D7	FAST
8C7967	ZTE
8C79F5	Samsung
8C7A3D	Xiaomi
8C7AAA	Apple
8C7B9D	Apple
8C7C92	Apple
8C83DF	Nokia
8C83E1	Samsung
8C83E8	Huawei
8C8590	Apple
8C85C1	Aruba
8C861E	Apple
8C89A5	MSI
8C8B83	TI
8C8D28	Intel
8C8EF2	Apple
8C8FE9	Apple
8C90D3	Nokia
8CA6DF	TP-LINK
8CA982	Intel
8CAACE	Xiaomi
8CB0E9	Samsung
8CB84A	Samsung
8CB87E	Intel
8CBEBE	Xiaomi
8CBFA6	Samsung
8CC121	Panasonic
8CC681	Intel
8CC8CD	Samsung
8CCDE8	Nintendo
8CCF09	DELL
8CD9D6	Xiaomi
8CDC02	ZTE
8CDCD4	HP
8CDEE6	Samsung
8CDEF9	Xiaomi
8CE081	ZTE
8CE117	ZTE
8CE5C0	Samsung
8CE5EF	Huawei
8CE748	Hikvision
8CE9B4	Dahua
8CEA48	Samsung
8CEBC6	Huawei
8CEC4B	DELL
8CEC7B	Apple
8CF112	Motorola
8CF228	Mercury
8CF319	Siemens
8CF5A3	Samsung
8CF773	Nokia
8CF8C5	Intel
8CFABA	Apple
8CFD18	Huawei
8CFE57	Apple
9000DB	Samsung
9002A9	Dahua
900325	Huawei
900628	Samsung
9009D0	Synology
900CC8	Google
901195	Amazon
9016BA	Huawei
90173F	Huawei
9017AC	Huawei
9017C8	Huawei
90187C	Samsung
901B0E	Fujitsu
901D27	ZTE
9020C2	Aruba
902155	HTC
90235B	Amazon
9023B4	H3C
9027E4	Apple
902BD2	Huawei
902E1C	Intel
903AA0	Nokia
903C92	Apple
903FEA	Huawei
9049FA	Intel
904C81	HP
904E2B	Huawei
904E917	IBM
9059AF	TI
905D7C	H3C
905E44	Huawei
9060F1	Apple
9061AE	Intel
90633B	Samsung
90671C	Huawei
9068C3	Motorola
906AEB	Microsoft
907065	TI
907240	Apple
90735A	Motorola
9075BC	Nokia
90769F	Mercury
907841	Intel
9078B2	Xiaomi
9079CF	ZTE
90808F	Huawei
90812A	Apple
908158	Apple
908175	Samsung
90840D	Apple
90869B	ZTE
908C43	Apple
908D6C	Apple
908D6E	DELL
908D78	D-Link
909497	Huawei
9094E4	D-Link
9097F3	Samsung
909838	Huawei
909A4A	TP-LINK
909A77	TI
909C4A	Apple
90A25B	Apple
90A5AF	Huawei
90A822	Amazon
90ADF7	vivo
90AE1B	TP-LINK
90B0ED	Apple
90B11C	DELL
90B144	Samsung
90B21F	Apple
90B622	Samsung
90B67A	Skyworth
90B931	Apple
90C115	SONY
90C119	Nokia
90C1C6	Apple
90C54A	vivo
90C7D8	ZTE
90CCDF	Intel
90CF15	Nokia
90D473	vivo
90D7EB	TI
90D8F3	ZTE
90DD5D	Apple
90DF7D	realme
90E17B	Apple
90E202	TI
90E2BA	Intel
90E6BA	ASUS
90E710	H3C
90E7C4	HTC
90EEC7	Samsung
90F052	Meizu
90F1AA	Samsung
90F644	Huawei
90F652	TP-LINK
90F7B2	H3C
90F970	Huawei
90F9B7	Huawei
90FD61	Apple
90FD73	ZTE
90FFD6	Honor
940070	Nokia
9400B0	Huawei
9401C2	Samsung
94049C	Huawei
9408C7	Huawei
940B19	Huawei
940C6D	TP-LINK
940C98	Apple
940E6B	Huawei
94147A	vivo
941625	Apple
941700	Xiaomi
941865	NETGEAR
941882	HP
942053	Nokia
942533	Huawei
94282E	H3C
94286F	ZTE
94292F	H3C
942DDC	Samsung
942E17	Schneider
9431CB	vivo
94350A	Samsung
9437F7	Huawei
943A91	Amazon
943AF0	Nokia
943BB0	H3C
943FC2	HP
9440C9	HP
944444	LG
945103	Samsung
945244	Samsung
9454CE	OPPO
9457A5	HP
9458CB	Nintendo
945AFC	Amazon
945C9A	Apple
946010	Huawei
9460D5	Aruba
946372	vivo
9463D1	Samsung
946424	Aruba
94652D	OnePlus
94659C	Intel
9476B7	Samsung
94772B	Huawei
947BE7	Samsung
947FD8	Skyworth
9487E0	Xiaomi
948854	TI
948AC6	realme
948BC1	Samsung
949010	Huawei
949426	Apple
9495A0	Google
949869	ZTE
949AA9	Microsoft
949D57	Panasonic
94A4F9	Huawei
94A67E	NETGEAR
94A7B7	ZTE
94A9A8	TI
94ABFE	Nokia
94B01F	Apple
94B10A	Samsung
94B271	Huawei
94B40F	Aruba
94B819	Nokia
94B86D	Intel
94BE46	Motorola
94BF2D	Apple
94BF80	ZTE
94CE2C	SONY
94D00D	Huawei
94D029	OPPO
94D2BC	Huawei
94D331	Xiaomi
94D771	Samsung
94D9B3	TP-LINK
94DB56	SONY
94DBDA	Huawei
94E129	Samsung
94E1AC	Hikvision
94E23C	Intel
94E36D	TI
94E3EE	ZTE
94E4BA	Huawei
94E6F7	Intel
94E70B	Intel
94E7EA	Huawei
94E96A	Apple
94E98C	Nokia
94E9EE	Huawei
94EA32	Apple
94EB2C	Google
94F128	HP
94F6A3	Apple
94F6D6	Apple
94FE22	Huawei
98006A	ZTE
9800C6	Apple
9801A7	Apple
9803D8	Apple
98063C	Samsung
98072D	TI
9809CF	OnePlus
980C82	Samsung
980CA5	Motorola
980D2E	HTC
980D51	Huawei
9810E8	Apple
981333	ZTE
981A35	Huawei
981DFA	Samsung
982CBC	Intel
982D68	Samsung
982FF8	Huawei
9835ED	Huawei
98398E	Samsung
983B8F	Intel
983F60	Huawei
9840BB	DELL
98415C	Nintendo
9843FA	Intel
9844CE	Huawei
98460A	Apple
984827	TP-LINK
984874	Huawei
984BE1	HP
984FEE	Intel
98502E	Apple
9852B1	Samsung
98541B	Intel
985945	TI
98597A	Intel
985AEB	Apple
985DAD	TI
985FD3	Microsoft
9860CA	Apple
98698A	Apple
986CF5	ZTE
986DC8	Toshiba
986EE84	Fujitsu
986F60	OPPO
98751A	Huawei
987A14	Microsoft
987BF3	TI
987EE3	vivo
9880EE	Samsung
988389	Samsung
9884E3	TI
98865D	Nokia
988B0A	Hikvision
988D46	Intel
989096	DELL
9893CC	LG
989449	Skyworth
9897CC	TP-LINK
989AB9	ZTE
989C57	Huawei
989E63	Apple
98A5F9	Apple
98A92D	H3C
98AD1D	Huawei
98AF65	Intel
98B039	Nokia
98B08B	Samsung
98B3EF	Huawei
98B6E9	Nintendo
98B8BA	LG
98B8BC	Samsung
98B8E3	Apple
98BE94	IBM
98BEDC	Honor
98C8B8	vivo
98CA33	Apple
98D293	Google
98D6BB	Apple
98D6F7	LG
98D742	Samsung
98DAC4	TP-LINK
98DD60	Apple
98DED0	TP-LINK
98DF82	Hikvision
98E0D9	Apple
98E743	DELL
98E7F4	HP
98E7F5	Huawei
98E8FA	Nintendo
98F07B	TI
98F083	Huawei
98F0AB	Apple
98F112	Hikvision
98F181	H3C
98F2B3	HP
98F428	ZTE
98F537	ZTE
98F621	Xiaomi
98FAE3	Xiaomi
98FE94	Apple
98FFD0	Lenovo
9C0298	Samsung
9C04EB	Apple
9C0567	Honor
9C061B	H3C
9C0CDF	OPPO
9C1463	Dahua
9C1874	Nokia
9C1C12	Aruba
9C1D36	Huawei
9C1D58	TI
9C207B	Apple
9C216A	TP-LINK
9C2183	Broadcom
9C2595	Samsung
9C28B3	Apple
9C28EF	Huawei
9C28F7	Xiaomi
9C293F	Apple
9C2976	Intel
9C2A83	Samsung
9C2E7A	Samsung
9C2EA1	Xiaomi
9C2F4E	ZTE
9C32CE	Canon
9C35EB	Apple
9C37F4	Huawei
9C3AAF	Samsung
9C3DCF	NETGEAR
9C3E53	Apple
9C4A7B	Nokia
9C4E36	Intel
9C4F5F	Google
9C4FDA	Apple
9C52F8	Huawei
9C54C2	H3C
9C5636	Huawei
9C583C	Apple
9C5A81	Xiaomi
9C5C8E	ASUS
9C5CF9	SONY
9C5F5A	OPPO
9C5FB0	Samsung
9C611D	Panasonic
9C63ED	ZTE
9C648B	Apple
9C65B0	Samsung
9C69D1	Huawei
9C6B72	realme
9C6C15	Microsoft
9C6F52	ZTE
9C713A	Huawei
9C7370	Huawei
9C741A	Huawei
9C746F	Huawei
9C760E	Apple
9C7BEF	HP
9C7DA3	Huawei
9C7F81	FAST
9C823F	Huawei
9C8281	vivo
9C84BF	Apple
9C8BA0	Apple
9C8C6E	Samsung
9C8CD8	HP
9C8E99	HP
9C8E9C	Huawei
9C924F	Apple
9C9567	Huawei
9C99A0	Xiaomi
9C9D7E	Xiaomi
9C9E71	Huawei
9CA2F4	TP-LINK
9CA513	Samsung
9CA5C0	vivo
9CA615	TP-LINK
9CA9E4	ZTE
9CAA1B	Microsoft
9CAED3	EPSON
9CB2B2	Huawei
9CB2E8	Huawei
9CB654	HP
9CBCF0	Xiaomi
9CBFCD	Huawei
9CC172	Huawei
9CC2C4	Inspur
9CC9EB	NETGEAR
9CCAD9	Nokia
9CD24B	ZTE
9CD35B	Samsung
9CD36D	NETGEAR
9CD643	D-Link
9CD917	Motorola
9CDA3E	Intel
9CDC71	HP
9CE041	Nokia
9CE063	Samsung
9CE33F	Apple
9CE374	Huawei
9CE635	Nintendo
9CE65E	Apple
9CE6E7	Samsung
9CE82B	vivo
9CE895	H3C
9CE91C	ZTE
9CEA97	Honor
9CEC61	Huawei
9CF155	Nokia
9CF387	Apple
9CF48E	Apple
9CF531	OPPO
9CFBD5	vivo
9CFC01	Apple
9CFC28	Apple
9CFCE8	Intel
A002DC	Amazon
A00460	NETGEAR
A00798	Samsung
A0086F	Huawei
A0092E	ZTE
A00BBA	Samsung
A01081	Samsung
A01828	Apple
A01C8D	Huawei
A01D48	HP
A02195	Samsung
A021B7	NETGEAR
A022DE	vivo
A027B6	Samsung
A02919	DELL
A02942	Intel
A02BB8	HP
A031DB	Huawei
A03299	Lenovo
A03679	Huawei
A0369F	Intel
A036BC	ASUS
A039F7	LG
A03BE3	Apple
A0406F	Huawei
A040A0	NETGEAR
A04147	Huawei
A042D1	Huawei
A043B0	Broadlink
A0445C	Huawei
A0481C	HP
A04A5E	Microsoft
A04C0C	Skyworth
A04E04	Nokia
A04EA7	Apple
A04ECF	Apple
A04F85	LG
A0510B	Intel
A056F3	Apple
A057E3	Huawei
A05950	Intel
A06090	Samsung
A06391	NETGEAR
A06610	Fujitsu
A06974	Honor
A069D9	H3C
A06C65	TI
A06FAA	LG
A070B7	Huawei
A071A9	Nokia
A07591	Samsung
A07817	Apple
A08069	Intel
A0821F	Samsung
A085FC	Microsoft
A086C6	Xiaomi
A08869	Intel
A0889D	Huawei
A088B4	Intel
A089E4	Skyworth
A08CF8	Huawei
A08CFD	HP
A08D16	Huawei
A09169	LG
A091A2	OnePlus
A091C8	ZTE
A09347	OPPO
A0941A	OPPO
A0999B	Apple
A09F7A	D-Link
A0A0DC	Huawei
A0A309	Apple
A0A33B	Huawei
A0A3F0	D-Link
A0A4C5	Intel
A0A8CD	Intel
A0AB1B	D-Link
A0AC69	Samsung
A0AFBD	Intel
A0B3CC	HP
A0B4A5	Samsung
A0BD1D	Dahua
A0C589	Intel
A0C98B	Nokia
A0CBFD	Samsung
A0CFF5	ZTE
A0D05B	Samsung
A0D0DC	Amazon
A0D2B1	Amazon
A0D37A	Intel
A0D3C1	HP
A0D722	Samsung
A0D795	Apple
A0D7A0	Huawei
A0D7F3	Samsung
A0D807	Huawei
A0DE0F	Huawei
A0DF15	Huawei
A0E453	SONY
A0E6F8	TI
A0E70B	Intel
A0EC80	ZTE
A0EDCD	Apple
A0F3C1	TP-LINK
A0F419	Nokia
A0F450	HTC
A0F479	Huawei
A0F6FD	TI
A0FB83	Honor
A0FBC5	Apple
A400E2	Huawei
A402B9	Intel
A406E9	TI
A407B6	Samsung
A40801	Amazon
A40F98	OPPO
A41194	Lenovo
A41232	OPPO
A41437	Hikvision
A416E7	Huawei
A4178B	Huawei
A41A3A	TP-LINK
A41F72	DELL
A42A95	D-Link
A42B8C	NETGEAR
A42BB0	TP-LINK
A4307A	Samsung
A43135	Apple
A434D9	Intel
A434F1	TI
A438CC	Nintendo
A439B3	Xiaomi
A43B0E	Huawei
A43D78	OPPO
A44027	ZTE
A4423B	Intel
A44519	Xiaomi
A446B4	Huawei
A44BD5	Xiaomi
A44CC8	DELL
A44E31	Intel
A45046	Xiaomi
A4516F	Microsoft
A45590	Xiaomi
A45C27	Nintendo
A45D36	HP
A45E60	Apple
A46706	Apple
A46BB6	Intel
A46CF1	Samsung
A46DA4	Huawei
A470D6	Motorola
A47174	Huawei
A475B9	Samsung
A47733	Google
A47760	Nokia
A477F3	Apple
A47B1A	Huawei
A47B2C	Nokia
A47CC9	Huawei
A47E39	ZTE
A481EE	Nokia
A483E7	Apple
A48431	Samsung
A48CDB	Lenovo
A490CE	vivo
A492CB	Nokia
A4933F	Huawei
A497BB	Hitachi
A49947	Huawei
A49A58	Samsung
A49B4F	Huawei
A4A46B	Huawei
A4AAFE	Huawei
A4AC0F	Huawei
A4AE11	Foxconn
A4AE12	Foxconn
A4B197	Apple
A4B1C1	Intel
A4B61E	Huawei
A4B805	Apple
A4BA76	Huawei
A4BADB	DELL
A4BB6D	DELL
A4BDC4	Huawei
A4BE2B	Huawei
A4BF01	Intel
A4C0E1	Nintendo
A4C337	Apple
A4C361	Apple
A4C3F0	Intel
A4C494	Intel
A4C54E	Huawei
A4C64F	Huawei
A4C69A	Samsung
A4C74B	Huawei
A4C939	OPPO
A4CAA0	Huawei
A4CCB9	realme
A4CF99	Apple
A4D18C	Apple
A4D1D2	Apple
A4D578	TI
A4D73C	EPSON
A4D931	Apple
A4D990	Samsung
A4DA32	TI
A4DCBE	Huawei
A4DD58	Huawei
A4E31B	Nokia
A4E731	Nokia
A4E975	Apple
A4EBD3	Samsung
A4EE57	EPSON
A4F05E	OPPO
A4F1E8	Apple
A4F33B	ZTE
A4F933	Intel
A4FA76	H3C
A4FF95	Nokia
A802DB	ZTE
A80600	Samsung
A80C63	Huawei
A81087	TI
A81306	vivo
A81374	Panasonic
A8154D	TP-LINK
A816B2	LG
A816D0	Samsung
A81B5A	OPPO
A81B6A	TI
A82066	Apple
A82316	Nokia
A823FE	LG
A824B8	Nokia
A826D9	HTC
A82BB9	Samsung
A82BCD	Huawei
A830BC	Samsung
A8346A	Samsung
A83512	Huawei
A83759	Huawei
A83B5C	Huawei
A84481	Nokia
A8494D	Huawei
A84A28	Apple
A84B4D	Samsung
A85081	Huawei
A8515B	Samsung
A851AB	Apple
A8574E	TP-LINK
A85AE0	Huawei
A85B78	Apple
A85BB7	Apple
A85BF7	Aruba
A85C2C	Apple
A85E45	ASUS
A860B6	Apple
A8637D	D-Link
A863F2	TI
A864F1	Intel
A8667F	Apple
A86DAA	Intel
A86E4E	Huawei
A87484	ZTE
A87650	Samsung
A8798D	Samsung
A87B39	Nokia
A87C01	Samsung
A87D12	Huawei
A87E33	Nokia
A87EEA	Intel
A8817E	Apple
A88195	Samsung
A886DD	Apple
A887B3	Samsung
A88808	Apple
A88940	Huawei
A88C3E	Microsoft
A88E24	Apple
A8913D	Apple
A8922C	LG
A89675	Motorola
A8968A	Apple
A897DC	IBM
A89892	OPPO
A89969	DELL
A89AD7	Nokia
A89CED	Xiaomi
A89FBA	Samsung
A8A668	ZTE
A8ABB5	Apple
A8B13B	HP
A8B2DA	Fujitsu
A8B86E	LG
A8BBCF	Apple
A8BD27	HP
A8BE27	Apple
A8C092	Huawei
A8C252	Huawei
A8C83A	Huawei
A8C98A	H3C
A8CA7B	Huawei
A8CAB9	Samsung
A8D081	Huawei
A8D4E0	Huawei
A8DB03	Samsung
A8E018	Nokia
A8E2C1	TI
A8E3EE	SONY
A8E544	Huawei
A8E621	Amazon
A8E77D	TI
A8E978	Huawei
A8F266	Huawei
A8F274	Samsung
A8F5AC	Huawei
A8FAD8	Apple
A8FE9D	Apple
A8FFBA	Huawei
AC007A	Apple
AC00D0	ZTE
AC075F	Huawei
AC0D1B	LG
AC1203	Intel
AC15A2	TP-LINK
AC15F4	Apple
AC162D	HP
AC1826	EPSON
AC198E	Intel
AC1D06	Apple
AC1E92	Samsung
AC1E9E	Xiaomi
AC1F0F	TI
AC1F74	Apple
AC220B	ASUS
AC293A	Apple
AC2B6E	Intel
AC3328	Huawei
AC3613	Samsung
AC3743	HTC
AC3870	Lenovo
AC3C0B	Apple
AC471B	Huawei
AC49DB	Apple
AC4D16	TI
AC4E91	Huawei
AC51AB	Huawei
AC5A14	Samsung
AC5AF0	LG
AC5AFC	Intel
AC5E14	Huawei
AC5F3E	Samsung
AC5FEA	OnePlus
AC606F	Nokia
AC6089	Huawei
AC6175	Huawei
AC61EA	Apple
AC63BE	Amazon
AC6417	Siemens
AC6462	ZTE
AC6490	Huawei
AC675D	Intel
AC6784	Google
AC6C90	Samsung
AC7289	Intel
AC7352	OPPO
AC7409	H3C
AC74B1	Intel
AC751D	Huawei
AC764C	OPPO
AC7BA1	Intel
AC7E01	Huawei
AC7F3E	Apple
AC81F3	Nokia
AC8247	Intel
AC84C6	TP-LINK
AC853D	Huawei
AC87A3	Apple
AC88FD	Apple
AC8D34	Huawei
AC8FA9	Nokia
AC8FF8	Nokia
AC9085	Apple
AC9232	Huawei
AC932F	Nokia
AC936A	Huawei
AC9929	Huawei
AC9B0A	SONY
AC9E17	ASUS
ACA31E	Aruba
ACAFB9	Samsung
ACB3B5	Huawei
ACB92F	Hikvision
ACBC32	Apple
ACBCB5	Apple
ACBD70	Huawei
ACC1EE	Xiaomi
ACC33A	Samsung
ACC4BD	OPPO
ACCB51	Hikvision
ACCCFC	Amazon
ACCF5C	Apple
ACCF85	Huawei
ACD618	OnePlus
ACDCCA	Huawei
ACE215	Huawei
ACE2D3	HP
ACE342	Huawei
ACE4B5	Apple
ACE87B	Huawei
ACED5C	Intel
ACEE9E	Samsung
ACF108	LG
ACF1DF	D-Link
ACF6F7	LG
ACF7F3	Xiaomi
ACF970	Huawei
ACFDCE	Intel
ACFDEC	Apple
B00875	Huawei
B00AD5	ZTE
B00CD1	HP
B010A0	TI
B01656	Huawei
B019C6	Apple
B01F8C	Aruba
B0227A	HP
B02491	Huawei
B02628	Broadcom
B02A43	Google
B03366	vivo
B03495	Apple
B0358D	Nokia
B0359F	Intel
B035B5	Apple
B03795	LG
B03956	NETGEAR
B03ACE	Huawei
B03CDC	Intel
B03F64	Apple
B04414	H3C
B04502	Huawei
B04692	OPPO
B047BF	Samsung
B0481A	Apple
B0487A	TP-LINK
B04A6A	Samsung
B04E26	TP-LINK
B04F13	DELL
B05508	Huawei
B05ADA	HP
B05B67	Huawei
B05CDA	HP
B05CE5	Nokia
B06088	Intel
B065BD	Apple
B067B5	Apple
B06A41	Google
B06E72	realme
B06EBF	ASUS
B06FE0	Samsung
B0700D	Nokia
B0702D	Apple
B0735D	Huawei
B0739C	Amazon
B0754D	Nokia
B075D5	ZTE
B0761B	Huawei
B07994	Motorola
B07B25	DELL
B07D64	Intel
B07E11	TI
B07FB9	NETGEAR
B083FE	DELL
B08900	Huawei
B08B92	ZTE
B08C75	Apple
B09122	TI
B09575	TP-LINK
B0958E	TP-LINK
B0989F	LG
B098BC	Huawei
B09928	Fujitsu
B099D7	Samsung
B09FBA	Apple
B0A460	Intel
B0A4F0	Huawei
B0A7B9	TP-LINK
B0AA36	OPPO
B0ACD2	ZTE
B0ACFA	Fujitsu
B0B113	TI
B0B194	ZTE
B0B448	TI
B0B5C3	OPPO
B0B867	HP
B0B98A	NETGEAR
B0BE76	TP-LINK
B0BE83	Apple
B0C19E	ZTE
B0C4E7	Samsung
B0C554	D-Link
B0C559	Samsung
B0C787	Huawei
B0C952	OPPO
B0CA68	Apple
B0CCFE	Huawei
B0D09C	Samsung
B0D278	TI
B0D5CC	TI
B0D888	Panasonic
B0DCEF	Intel
B0DE28	Apple
B0DF3A	Samsung
B0DFC1	Tenda
B0E17E	Huawei
B0E235	Xiaomi
B0E45C	Samsung
B0E4D5	Google
B0E5ED	Huawei
B0E5F9	Apple
B0E892	EPSON
B0EB57	Huawei
B0EC71	Samsung
B0ECDD	Huawei
B0F1D8	Apple
B0F7C4	Amazon
B0F963	H3C
B0FC0D	Amazon
B0FEE5	Huawei
B4055D	Inspur
B407F9	Samsung
B40931	Huawei
B40EDE	Intel
B40F3B	Tenda
B40FB3	vivo
B4107B	TI
B414E6	Huawei
B41513	Huawei
B418D1	Apple
B41974	Apple
B41A1D	Samsung
B41BB0	Apple
B41C30	ZTE
B4205B	OPPO
B43052	Huawei
B43161	realme
B437D8	D-Link
B43A28	Samsung
B43AE2	Huawei
B440A4	Apple
B4430D	Broadlink
B44326	Huawei
B44506	DELL
B44BD2	Apple
B44C3B	Dahua
B4527D	SONY
B4527E	SONY
B452A9	TI
B456E3	Apple
B45D50	Aruba
B45F84	ZTE
B460ED	Xiaomi
B46293	Samsung
B46921	Intel
B46BFC	Intel
B46C47	Panasonic
B46D83	Intel
B46E08	Huawei
B47064	Samsung
B47443	Samsung
B479A7	Samsung
B47AF1	HP
B47C9C	Amazon
B48351	Intel
B485E1	Apple
B48655	Huawei
B48901	Huawei
B48B19	Apple
B49691	Intel
B49842	ZTE
B4994C	TI
B499BA	HP
B49CDF	Apple
B49D02	Samsung
B4A382	Hikvision
B4A5AC	OPPO
B4A678	Tmall
B4A898	Huawei
B4A94F	Mercury
B4AE2B	Microsoft
B4B024	TP-LINK
B4B055	Huawei
B4B15A	Siemens
B4B291	LG
B4B362	ZTE
B4B52F	HP
B4B676	Intel
B4B686	HP
B4B742	Amazon
B4BC7C	TI
B4BFF6	Samsung
B4C4FC	Xiaomi
B4CB57	OPPO
B4CD27	Huawei
B4CE40	Samsung
B4CEF6	HTC
B4D5BD	Intel
B4DEDF	ZTE
B4E10F	DELL
B4E1C4	Microsoft
B4E454	Amazon
B4E62A	LG
B4EED4	TI
B4EF39	Samsung
B4F0AB	Apple
B4F18C	Huawei
B4F1DA	LG
B4F58E	Huawei
B4F61C	Apple
B4F7A1	LG
B4FA48	Apple
B4FBF9	Huawei
B4FF98	Huawei
B80305	Intel
B805AB	ZTE
B80716	vivo
B808CF	Intel
B808D7	Huawei
B8098A	Apple
B8145C	Huawei
B817C2	Apple
B81904	Nokia
B81DAA	LG
B8208E	Panasonic
B8211C	Apple
B827C5	Huawei
B82A72	DELL
B82AA9	Apple
B82B68	Huawei
B831B5	Microsoft
B8374A	Apple
B83765	OPPO
B83A08	Tenda
B83A5A	Aruba
B83BCC	Xiaomi
B841A4	Apple
B844D9	Apple
B845F4	H3C
B8496D	Apple
B84FD5	Microsoft
B850D8	Xiaomi
B853AC	Apple
B85600	Huawei
B857D8	Samsung
B85A73	Samsung
B85D0A	Apple
B85DC3	Huawei
B85E7B	Samsung
B85F98	Amazon
B85FB0	Huawei
B8634D	Apple
B86B23	Toshiba
B86CE8	Samsung
B87826	Nintendo
B8782E	Apple
B87AC9	Siemens
B87BC5	Apple
B8804F	TI
B88198	Intel
B881FA	Apple
B88303	HP
B8857B	Huawei
B88584	DELL
B88A60	Intel
B88AEC	Nintendo
B88D12	Apple
B88E82	Huawei
B88F27	realme
B89047	Apple
B89436	Huawei
B894E7	Xiaomi
B898AD	Motorola
B89A2A	Intel
B89FCC	Huawei
B8A386	D-Link
B8AC6F	DELL
B8AE6E	Nintendo
B8AF67	HP
B8B2F8	Apple
B8B409	Samsung
B8B81E	Intel
B8BBAF	Samsung
B8BC1B	Huawei
B8BC5B	Samsung
B8BF83	Intel
B8C111	Apple
B8C385	Huawei
B8C68E	Samsung
B8C74A	OPPO
B8C75D	Apple
B8C9B5	OPPO
B8CA3A	DELL
B8CB29	DELL
B8D43E	vivo
B8D4E7	Aruba
B8D6F6	Huawei
B8D9CE	Samsung
B8DAE8	Huawei
B8DD71	ZTE
B8E3B1	Huawei
B8E60C	Apple
B8E856	Apple
B8F0B9	ZTE
B8F12A	Apple
B8F6B1	Apple
B8F883	TP-LINK
B8F934	SONY
B8FF61	Apple
B8FFFE	TI
BC0358	Intel
BC091B	Intel
BC0963	Apple
BC0DA5	TI
BC0F64	Intel
BC0F9A	D-Link
BC1485	Samsung
BC1541	Nokia
BC1695	ZTE
BC17B8	Intel
BC1AE4	Huawei
BC1D89	Motorola
BC1E85	Huawei
BC20A4	Samsung
BC20BA	Inspur
BC2228	D-Link
BC2247	H3C
BC25E0	Huawei
BC2DEF	realme
BC2EF6	Huawei
BC2F3D	vivo
BC305B	DELL
BC325F	Dahua
BC3329	SONY
BC3AEA	OPPO
BC3BAF	Apple
BC3D85	Huawei
BC3ECB	vivo
BC3F8F	Huawei
BC4486	Samsung
BC455B	Samsung
BC4699	TP-LINK
BC4760	Samsung
BC4CA0	Huawei
BC4CC4	Apple
BC52B4	Nokia
BC52B7	Apple
BC542F	Intel
BC5436	Apple
BC5451	Samsung
BC54FC	Mercury
BC5FF6	Mercury
BC60A7	SONY
BC6193	Xiaomi
BC620E	Huawei
BC6778	Apple
BC69CB	Panasonic
BC6A29	TI
BC6AD1	Xiaomi
BC6B4D	Nokia
BC6C21	Apple
BC6E64	SONY
BC6EE2	Intel
BC72B1	Samsung
BC7574	Huawei
BC765E	Samsung
BC7670	Huawei
BC76C5	Huawei
BC7737	Intel
BC79AD	Samsung
BC7ABF	Samsung
BC7B72	Huawei
BC7E8B	Samsung
BC7F7B	Huawei
BC7FA4	Xiaomi
BC8385	Microsoft
BC851F	Samsung
BC8CCD	Samsung
BC8D0E	Nokia
BC926B	Apple
BC9789	Huawei
BC97E1	Broadcom
BC98DF	Motorola
BC9930	Huawei
BC9A53	Huawei
BC9B5E	Hikvision
BC9C31	Huawei
BC9FE4	Aruba
BC9FEF	Apple
BCA511	NETGEAR
BCA58B	Samsung
BCA5A9	Apple
BCA8A6	Intel
BCA920	Apple
BCAD28	Hikvision
BCAEC5	ASUS
BCB0E7	Huawei
BCB1F3	Samsung
BCB863	Apple
BCBAC2	Hikvision
BCC342	Panasonic
BCC6DB	Nokia
BCCE25	Nintendo
BCCFCC	HTC
BCD074	Apple
BCD11F	Samsung
BCD177	TP-LINK
BCD206	Huawei
BCD7A5	Aruba
BCDF58	Google
BCE143	Apple
BCE265	Huawei
BCE63F	Samsung
BCE92F	HP
BCEAFA	HP
BCEC5D	Apple
BCEE7B	ASUS
BCF171	Intel
BCF45F	ZTE
BCF5AC	LG
BCF685	D-Link
BCF88B	ZTE
BCFED9	Apple
BCFFEB	Motorola
C0060C	Huawei
C006C3	TP-LINK
C01173	Samsung
C014B8	Nokia
C0174D	Samsung
C01803	HP
C01ADA	Apple
C0238D	Samsung
C0252F	Mercury
C025A5	DELL
C025E9	TP-LINK
C0280B	Honor
C02C5C	Apple
C02E25	OPPO
C0335E	Microsoft
C038F9	Nokia
C0395A	Dahua
C03C59	Intel
C03D03	Samsung
C03E50	Huawei
C03EBA	DELL
C03F0E	NETGEAR
C03FDD	Huawei
C04121	Nokia
C041F6	LG
C04442	Apple
C04754	vivo
C048E6	Samsung
C04A00	TP-LINK
C0517E	Hikvision
C056E3	Hikvision
C06118	TP-LINK
C06394	Apple
C064C6	Nokia
C06599	Samsung
C06B55	Motorola
C06DED	Hikvision
C07009	Huawei
C07831	Huawei
C07982	TCL
C083C9	Huawei
C0847A	Apple
C087EB	Samsung
C08997	Samsung
C08B05	Huawei
C08C71	Motorola
C08D51	Amazon
C08F20	Skyworth
C09296	ZTE
C094AD	ZTE
C0956D	Apple
C09727	Samsung
C09879	Acer
C09AD0	Apple
C09BF42	Hitachi
C09F05	OPPO
C09F42	Apple
C09FE1	ZTE
C0A0BB	D-Link
C0A53E	Apple
C0A5DD	Mercury
C0A600	Apple
C0A66D	Inspur
C0A938	Huawei
C0B101	ZTE
C0B47D	Huawei
C0B5CD	Huawei
C0B658	Apple
C0B6F9	Intel
C0B883	Intel
C0BC9A	Huawei
C0BDC8	Samsung
C0BDD1	Samsung
C0BFC0	Huawei
C0C9E3	TP-LINK
C0CCF8	Apple
C0CECD	Apple
C0D012	Apple
C0D026	Huawei
C0D193	Huawei
C0D2DD	Samsung
C0D3C0	Samsung
C0D46B	Huawei
C0DCD7	Huawei
C0DCDA	Samsung
C0E018	Huawei
C0E1BE	Huawei
C0E3FB	Huawei
C0E422	TI
C0E42D	TP-LINK
C0E862	Apple
C0EDE5	OPPO
C0EEFB	OnePlus
C0F2FB	Apple
C0F4E6	Huawei
C0F6C2	Huawei
C0F6EC	Huawei
C0F945	Toshiba
C0F9B0	Huawei
C0FD84	ZTE
C0FFA8	Huawei
C0FFD4	NETGEAR
C403A8	Intel
C40415	NETGEAR
C40528	Huawei
C40683	Huawei
C4072F	Huawei
C4084A	Nokia
C40B31	Apple
C40BCB	Xiaomi
C40D96	Huawei
C411E0	BULL
C41234	Apple
C412EC	Huawei
C412F5	D-Link
C41411	Apple
C41688	Huawei
C416C8	Huawei
C4170E	Huawei
C418E9	Samsung
C41C07	Samsung
C42360	Intel
C42728	ZTE
C4278C	Huawei
C42AD0	Apple
C42B44	Huawei
C42C03	Apple
C42F90	Hikvision
C4345B	Huawei
C4346B	HP
C4366C	LG
C43ABE	SONY
C43D1A	Intel
C43DC7	NETGEAR
C440F6	OPPO
C44202	Samsung
C4438F	LG
C4447D	Huawei
C4473F	Huawei
C45006	Samsung
C4576E	Samsung
C45A86	Huawei
C45D83	Samsung
C45E5C	Huawei
C4618B	Apple
C462EA	Samsung
C464E3	TI
C46516	HP
C46699	vivo
C467D1	Huawei
C469F0	Huawei
C46AB7	Xiaomi
C46E1F	TP-LINK
C47154	TP-LINK
C4731E	Samsung
C4741E	ZTE
C475AB	Intel
C478A2	Huawei
C47D46	Fujitsu
C47D9F	Samsung
C48025	Huawei
C48466	Apple
C48508	Intel
C486E9	Huawei
C488E5	Samsung
C4910C	Apple
C493D9	Samsung
C49500	Amazon
C49880	Apple
C49A02	LG
C49DED	Microsoft
C49F4C	Huawei
C4A366	ZTE
C4A402	Huawei
C4A81D	D-Link
C4ABB2	vivo
C4AE12	Samsung
C4B301	Apple
C4B8B4	Huawei
C4BDE5	Intel
C4BE84	TI
C4C063	H3C
C4C36B	Apple
C4CAD9	H3C
C4D0E3	Intel
C4D438	Huawei
C4D738	Huawei
C4D987	Intel
C4DE7B	Huawei
C4DF39	realme
C4E1A1	OPPO
C4E287	Huawei
C4E39F	OPPO
C4E90A	D-Link
C4E984	TP-LINK
C4EDBA	TI
C4F081	Huawei
C4F312	TI
C4FBAA	Huawei
C4FE5B	OPPO
C4FF1F	Huawei
C4FF22	Huawei
C80210	LG
C808E9	LG
C809A8	Intel
C80CC8	Huawei
C8120B	Samsung
C8138B	Skyworth
C81451	Huawei
C81479	Samsung
C816DA	realme
C819F7	Samsung
C81EE7	Apple
C81F66	DELL
C81FBE	Huawei
C82158	Intel
C82832	Xiaomi
C82A14	Apple
C8334B	Apple
C833E5	Huawei
C8348E	Intel
C83870	Samsung
C839AC	Huawei
C83A1B	Toshiba
C83A35	Tenda
C83C85	Apple
C83D97	Nokia
C83DDC	Xiaomi
C83E99	TI
C83E9E	Huawei
C83F26	Microsoft
C8418A	Samsung
C84BD6	DELL
C850CE	Huawei
C85142	Samsung
C85195	Huawei
C85895	Motorola
C858C0	Intel
C85A9F	ZTE
C85ACF	HP
C85CCC	Xiaomi
C85EA9	Intel
C86000	ASUS
C863F1	SONY
C864C7	ZTE
C868DE	Huawei
C869CD	Apple
C86C3D	Amazon
C86F1D	Apple
C8727E	Nokia
C8778B	Mercury
C87B5B	ZTE
C87E75	Samsung
C87EA1	TCL
C884CF	Huawei
C88550	Apple
C889F3	Apple
C88D83	Huawei
C88F26	Skyworth
C894BB	Huawei
C89665	Microsoft
C8979F	Nokia
C89BAD	Honor
C89BD7	realme
C89D18	Huawei
C89E43	NETGEAR
C89F1A	Huawei
C8A030	TI
C8A776	Huawei
C8A823	Samsung
C8B1CD	Apple
C8B29B	Intel
C8B5AD	HP
C8B5B7	Apple
C8B6D3	Huawei
C8BA94	Samsung
C8BB81	Huawei
C8BC9C	Huawei
C8BCC8	Apple
C8BD4D	Samsung
C8BD69	Samsung
C8BE19	D-Link
C8BF4C	Xiaomi
C8BFFE	Huawei
C8C2FA	Huawei
C8C465	Huawei
C8C750	Motorola
C8CA63	Huawei
C8CB9E	Intel
C8CBB8	HP
C8D083	Apple
C8D10B	Nokia
C8D15E	Huawei
C8D3A3	D-Link
C8D3FF	HP
C8D7B0	Samsung
C8D9D2	HP
C8DDC9	Lenovo
C8DF7C	Nokia
C8DF84	TI
C8E0EB	Apple
C8E265	Intel
C8E600	Huawei
C8E7D8	Mercury
C8EAF8	ZTE
C8F230	OPPO
C8F319	LG
C8F650	Apple
C8F733	Intel
C8F750	DELL
C8FD19	TI
CA125C	Microsoft
CC037B	TI
CC051B	Samsung
CC0577	Huawei
CC07AB	Samsung
CC07E4	Lenovo
CC088D	Apple
CC08E0	Apple
CC08FB	TP-LINK
CC0DF2	Motorola
CC1531	Intel
CC1AFA	ZTE
CC208C	Huawei
CC20E8	Apple
CC2119	Samsung
CC22376	Siemens
CC25EF	Apple
CC29BD	ZTE
CC29F5	Apple
CC2D21	Tenda
CC2D83	OPPO
CC2D8C	LG
CC2DB7	Apple
CC2F71	Intel
CC312A	TCL
CC3296	Huawei
CC32E5	TP-LINK
CC3331	TI
CC3429	TP-LINK
CC3A61	Samsung
CC3D82	Intel
CC3E5F	HP
CC40D0	NETGEAR
CC4463	Apple
CC464E	Samsung
CC483A	DELL
CC53B5	Huawei
CC5B31	Nintendo
CC5C61	Huawei
CC60C8	Microsoft
CC61E5	Motorola
CC64A6	Huawei
CC660A	Apple
CC66B2	Nokia
CC68B6	TP-LINK
CC69FA	Apple
CC6EA4	Samsung
CC785F	Apple
CC78AB	TI
CC7B35	ZTE
CC7EE7	Panasonic
CC812A	vivo
CC874A	Nokia
CC8826	LG
CC88C7	Aruba
CC895E	Huawei
CC89FD	Nokia
CC8CE3	TI
CC96A0	Huawei
CC988B	SONY
CC9E00	Nintendo
CC9EA2	Amazon
CCA12B	TCL
CCA223	Huawei
CCA7C1	Google
CCB0A8	Huawei
CCB11A	Samsung
CCB182	Huawei
CCB255	D-Link
CCB3F8	Fujitsu
CCB5D1	Xiaomi
CCBBFE	Huawei
CCBCE3	Huawei
CCC3EA	Motorola
CCC5E5	DELL
CCC760	Apple
CCC95D	Apple
CCCC81	Huawei
CCD083	Aruba
CCD281	Apple
CCD31E9	Siemens
CCD73C	Huawei
CCD9AC	Intel
CCE0DA	Baidu
CCED21	Nokia
CCF411	Google
CCF735	Amazon
CCF9E4	Intel
CCF9E8	Samsung
CCFA00	LG
CCFA66	Huawei
CCFB65	Nintendo
CCFE3C	Samsung
CCFF90	Huawei
D0034B	Apple
D003DF	Samsung
D003EB	TI
D00401	Motorola
D004B0	Samsung
D005E4	Huawei
D00790	TI
D00DF7	Huawei
D013FD	LG
D0154A	ZTE
D015A6	Aruba
D016B4	Huawei
D0176A	Samsung
D017C2	ASUS
D01B49	Samsung
D022BE	Samsung
D023DB	Apple
D02516	Mercury
D02544	Samsung
D02598	Apple
D028BA	realme
D02B20	Apple
D02DB3	Huawei
D02EAB	TI
D03169	Samsung
D03311	Apple
D03745	TP-LINK
D03761	TI
D03972	TI
D03C1F	Intel
D03E5C	Huawei
D03FAA	Apple
D0431E	DELL
D0497C	OnePlus
D04DC6	Aruba
D04F7E	Apple
D05162	SONY
D05509	Nintendo
D0577B	Intel
D058A8	ZTE
D05919	ZTE
D059E4	Samsung
D05AFD	realme
D05BA8	ZTE
D05FB8	TI
D05FCE	Hitachi
D0608C	ZTE
D06544	Apple
D065CA	Huawei
D0667B	Samsung
D06726	HP
D067E5	DELL
D06F82	Huawei
D071C4	ZTE
D076E7	TP-LINK
D07714	Motorola
D07AB5	Huawei
D07D33	Huawei
D07E28	HP
D07E35	Intel
D07FA0	Samsung
D0817A	Apple
D087E2	Samsung
D0880C	Apple
D08CB5	TI
D08E79	DELL
D0929E	Microsoft
D09466	DELL
D097FE	realme
D09C7A	Xiaomi
D09CAE	vivo
D0A637	Apple
D0ABD5	Intel
D0B128	Samsung
D0B45D	Huawei
D0B5C2	TI
D0BB61	ZTE
D0BF9C	HP
D0C1B1	Samsung
D0C24E	Samsung
D0C5F3	Apple
D0C637	Intel
D0C65B	Huawei
D0C7C0	TP-LINK
D0D003	Samsung
D0D04B	Huawei
D0D23C	Apple
D0D2B0	Apple
D0D3E0	Aruba
D0D783	Huawei
D0DB32	Nokia
D0DFC7	Samsung
D0E140	Apple
D0EFC1	Huawei
D0F3F5	Huawei
D0F88C	Motorola
D0F99B	ZTE
D0FCCC	Samsung
D0FF50	TI
D0FF98	Huawei
D40129	Broadcom
D4016D	TP-LINK
D40B1A	HTC
D411A3	Samsung
D41A3F	OPPO
D4206D	HTC
D4223F	Lenovo
D4258B	Intel
D42DC5	Panasonic
D43538	Xiaomi
D43639	TI
D437D7	ZTE
D4389C	SONY
D43B04	Intel
D43D7E	MSI
D440F0	Huawei
D4430E	Dahua
D44649	Huawei
D446E1	Apple
D44BB6	Tmall
D44D77	Nokia
D44F67	Huawei
D4503F	OPPO
D4548B	Intel
D455BE	FAST
D45763	Apple
D45D42	Nokia
D45D64	ASUS
D45EEC	Xiaomi
D46075	Baidu
D4612E	Huawei
D4619D	Apple
D461DA	Apple
D461FE	H3C
D462EA	Huawei
D463C6	Motorola
D463DE	vivo
D467D3	OPPO
D468AA	Apple
D46AA8	Huawei
D46BA6	Huawei
D46D6D	Intel
D46E0E	TP-LINK
D46E5C	Huawei
D47226	ZTE
D47415	Huawei
D476EA	ZTE
D47954	Huawei
D47AE2	Samsung
D481D7	DELL
D48304	FAST
D48564	HP
D487D8	Samsung
D48866	Huawei
D48890	Samsung
D48A39	Samsung
D48F33	Microsoft
D48FA2	Huawei
D4909C	Apple
D4910F	Amazon
D49398	Nokia
D49400	Huawei
D494A1	TI
D494E8	Huawei
D4970B	Xiaomi
D49A20	Apple
D49DC0	Samsung
D49E05	ZTE
D49FDD	Huawei
D4A148	Huawei
D4A33D	Apple
D4AE05	Samsung
D4AE52	DELL
D4B110	Huawei
D4B709	ZTE
D4BBC8	vivo
D4BBE6	Huawei
D4BED9	DELL
D4C1C8	ZTE
D4C1FC	Nokia
D4C94B	Motorola
D4C9EF	HP
D4CBAF	Nokia
D4D252	Intel
D4D51B	Huawei
D4D7CF	realme
D4D853	Intel
D4DCCD	Apple
D4E053	Aruba
D4E33F	Nokia
D4E6B7	Samsung
D4E853	Hikvision
D4E8B2	Samsung
D4ECAB	vivo
D4F057	Nintendo
D4F0EA	Xiaomi
D4F46F	Apple
D4F513	TI
D4F527	Siemens
D4F547	Google
D4F5EF	HP
D4F756	ZTE
D4F9A1	Huawei
D4FB8E	Apple
D8004D	Apple
D807B6	TP-LINK
D80831	Samsung
D80A60	Huawei
D80B9A	Samsung
D80D17	TP-LINK
D8109F	Huawei
D814DF	TCL
D8150D	TP-LINK
D81C79	Apple
D81D72	Apple
D81EDD	OPPO
D82918	Huawei
D82A7E	Nokia
D82FE6	Tmall
D83062	Apple
D831CF	Samsung
D83214	Tenda
D832E3	Xiaomi
D83BBF	Intel
D84008	Huawei
D84732	TP-LINK
D847BB	Huawei
D8490B	Huawei
D8492F	Canon
D84A2B	ZTE
D84C90	Apple
D84FB8	LG
D850E6	ASUS
D8543A	TI
D85575	Samsung
D855A3	ZTE
D857EF	Samsung
D85982	Huawei
D85B2A	Samsung
D85D4C	TP-LINK
D86375	Xiaomi
D867D3	Huawei
D86852	Huawei
D868A0	Samsung
D868C3	Samsung
D86BF7	Nintendo
D86C63	Google
D86D17	Huawei
D8714D	TI
D87157	Lenovo
D87495	ZTE
D87533	Nokia
D876AE	Huawei
D880DC	Huawei
D8860B0	Inspur
D88863	Huawei
D88ADC	Huawei
D88C73	ZTE
D88C79	Google
D88F76	Apple
D890E8	Samsung
D89403	HP
D8952F	TI
D89695	Apple
D89AC1	Nokia
D89B3B	Huawei
D89D67	HP
D89E3F	Apple
D89E61	Huawei
D89EF3	DELL
D8A25E	Apple
D8A315	vivo
D8A35C	Samsung
D8A491	Huawei
D8A8C8	ZTE
D8A98B	TI
D8AFF1	Panasonic
D8B053	Xiaomi
D8B12A	Panasonic
D8B377	HTC
D8B673	TI
D8BB2C	Apple
D8BBC1	MSI
D8BE1F	Apple
D8BE65	Amazon
D8C4E9	Samsung
D8C771	Huawei
D8C7C8	Aruba
D8CB8A	MSI
D8CC98	Huawei
D8CE3A	Xiaomi
D8CF9C	Apple
D8CFBF	Motorola
D8D090	DELL
D8D1CB	Apple
D8D385	HP
D8D43C	SONY
D8DC40	Apple
D8DDFD	TI
D8DE3A	Apple
D8E0E1	Samsung
D8E2DF	Microsoft
D8E844	ZTE
D8EB46	Google
D8EF42	Huawei
D8EFCD	Nokia
D8F2CA	Intel
D8F883	Intel
D8FBD6	Amazon
D8FC93	Intel
D8FEE3	D-Link
DAA119	Google
DC0077	TP-LINK
DC028E	ZTE
DC0398	LG
DC0575	Siemens
DC080F	Apple
DC094C	Huawei
DC0B34	LG
DC0C5C	Apple
DC16B2	Huawei
DC175A	Hitachi
DC1AC5	vivo
DC1BA1	Intel
DC2148	Intel
DC215C	Intel
DC21E2	Huawei
DC2727	Huawei
DC2B2A	Apple
DC2B61	Apple
DC2D3C	Huawei
DC31D1	vivo
DC333D	Huawei
DC3714	Apple
DC3EF8	Nokia
DC415F	Apple
DC41A9	Intel
DC44B6	Samsung
DC4628	Intel
DC4A3E	HP
DC5285	Apple
DC5360	Intel
DC5392	Apple
DC54D7	Amazon
DC5583	OPPO
DC56E7	Apple
DC6672	Samsung
DC680C	HP
DC68EB	Nintendo
DC6B1B	Huawei
DC6DCD	OPPO
DC7137	ZTE
DC7144	Samsung
DC7196	Intel
DC729B	Huawei
DC7385	Huawei
DC74A8	Samsung
DC8084	Apple
DC86D8	Apple
DC8983	Samsung
DC8B28	Intel
DC8C1B	vivo
DC8D8A	Nokia
DC9088	Huawei
DC9166	Huawei
DC91BF	Amazon
DC9840	Microsoft
DC9914	Huawei
DC9B9C	Apple
DC9FA4	Nokia
DCA120	Nokia
DCA4CA	Apple
DCA782	Huawei
DCA904	Apple
DCA956	OPPO
DCA971	Intel
DCB082	Nokia
DCB4C4	Microsoft
DCB54F	Apple
DCB72E	Xiaomi
DCBFE9	Motorola
DCC64B	Huawei
DCC793	Nokia
DCCCE6	Samsung
DCCD2F	EPSON
DCCF96	Samsung
DCD2FC	Huawei
DCD3A2	Apple
DCD444	Huawei
DCD7A0	Huawei
DCD916	Huawei
DCD9AE	Nokia
DCDA80	H3C
DCDCE2	Samsung
DCDFD6	ZTE
DCE55B	Google
DCED83	Xiaomi
DCEE06	Huawei
DCEF09	NETGEAR
DCEF80	Huawei
DCF090	nubia
DCF110	Nokia
DCF31C	TI
DCF401	DELL
DCF4CA	Apple
DCF756	Samsung
DCF8B9	ZTE
DCFB48	Intel
DCFE18	TP-LINK
E00084	Huawei
E0036B	Samsung
E005C5	TP-LINK
E0071B	HP
E00C7F	Nintendo
E00CE5	Huawei
E013B5	vivo
E01877	Fujitsu
E0191D	Huawei
E01954	ZTE
E01CFC	D-Link
E01F2B	Nokia
E01F88	Xiaomi
E01FED	Nokia
E0247F	Huawei
E02481	Huawei
E02861	Huawei
E028B1	Skyworth
E02B96	Apple
E02BE9	Intel
E02CB2	Lenovo
E02E0B	Intel
E02E3F	Huawei
E0338E	Apple
E03676	Huawei
E0383F	ZTE
E03E44	Broadcom
E03F49	ASUS
E04007	Huawei
E04102	ZTE
E0469A	NETGEAR
E046EE	NETGEAR
E04BA6	Huawei
E0508B	Dahua
E05F45	Apple
E06234	TI
E06267	Xiaomi
E063E5	SONY
E06678	Apple
E06CC5	Huawei
E06D17	Apple
E070EA	HP
E0757D	Motorola
E07726	Huawei
E07C13	ZTE
E07DEA	TI
E0806B	Xiaomi
E0897E	Apple
E091F5	NETGEAR
E0925C	Apple
E0928F	TI
E09467	Intel
E09796	Huawei
E09861	Motorola
E09971	Samsung
E09D13	Samsung
E09D31	Intel
E0A3AC	Huawei
E0A670	Nokia
E0AA96	Samsung
E0ACCB	Apple
E0AEA2	Huawei
E0B52D	Apple
E0B55F	Apple
E0B655	Xiaomi
E0B9BA	Apple
E0BB9E	EPSON
E0C377	Samsung
E0C3F3	ZTE
E0C767	Apple
E0C79D	TI
E0C97A	Apple
E0CB4E	ASUS
E0CBEE	Samsung
E0CC7A	Huawei
E0CCF8	Xiaomi
E0D045	Intel
E0D083	Samsung
E0D462	Huawei
E0D464	Intel
E0D4E8	Intel
E0D7BA	TI
E0D848	DELL
E0DA90	Huawei
E0DB10	Samsung
E0DB55	DELL
E0DCA0	Siemens
E0DCFF	Xiaomi
E0DDC0	vivo
E0E0FC	Huawei
E0E37C	Huawei
E0E5CF	TI
E0E751	Nintendo
E0EB40	Apple
E0EE1B	Panasonic
E0F442	Huawei
E0F5C6	Apple
E0F6B5	Nintendo
E0F728	Amazon
E0F847	Apple
E0FFF1	TI
E4029B	Intel
E4072B	Huawei
E40CFD	OPPO
E40EEE	Huawei
E4115B	HP
E4121D	Samsung
E415F6	TI
E419C1	Huawei
E41F13	IBM
E4246C	Dahua
E425E7	Apple
E4268B	Huawei
E42761	Honor
E42AAC	Microsoft
E42B34	Apple
E42B79	Nokia
E432CB	Samsung
E433AE	OPPO
E43493	Huawei
E435C8	Huawei
E43D1A	Broadcom
E43EC6	Huawei
E440E2	Samsung
E44122	OnePlus
E44164	Nokia
E442A6	Intel
E4434B	DELL
E446B0	Fujitsu
E446DA	Xiaomi
E44790	OPPO
E447B3	ZTE
E450EB	Apple
E454E8	DELL
E458B8	Samsung
E458E7	Samsung
E45AA2	vivo
E45D75	Samsung
E45E1B	Google
E45E37	Intel
E468A3	Huawei
E46A35	realme
E46F13	D-Link
E470B8	Intel
E472E2	Huawei
E47684	Apple
E47723	ZTE
E47727	Huawei
E47CF9	Samsung
E47DBD	Samsung
E47E66	Huawei
E47E9A	ZTE
E47FB2	Fujitsu
E48184	Nokia
E48210	Huawei
E48326	Huawei
E484D3	Xiaomi
E48B7F	Apple
E48F1D	Huawei
E4902A	Huawei
E4907E	Motorola
E490FD	Apple
E492FB	Samsung
E4936A	OPPO
E498D1	Microsoft
E498D6	Apple
E49A79	Apple
E49ADC	Apple
E4A471	Intel
E4A7A0	Intel
E4A7C5	Huawei
E4A8B6	Huawei
E4B021	Samsung
E4B2FB	Apple
E4B318	Intel
E4B503	realme
E4B555	Huawei
E4B97A	DELL
E4BD4B	ZTE
E4BEED	netcore
E4C2D1	Huawei
E4C32A	TP-LINK
E4C483	OPPO
E4C63D	Apple
E4CA12	ZTE
E4CE8F	Apple
E4D332	TP-LINK
E4D373	Huawei
E4D3AA	Fujitsu
E4DB6D	Xiaomi
E4DC43	Huawei
E4DCCC	Huawei
E4E0A6	Apple
E4E0C5	Samsung
E4E112	TI
E4E4AB	Apple
E4E749	HP
E4EC10	Nokia
E4F004	DELL
E4F042	Google
E4F1D4	vivo
E4F3C4	Samsung
E4F3F5	Mercury
E4F4C6	NETGEAR
E4F89C	Intel
E4F8EF	Samsung
E4FAED	Samsung
E4FAFD	Intel
E4FB5D	Huawei
E4FD45	Intel
E4FDA1	Huawei
E8039A	Samsung
E8040B	Apple
E80688	Apple
E8088B	Huawei
E81132	Samsung
E8136E	Huawei
E8150E	Nokia
E81656	Broadlink
E817FC	Fujitsu
E81CD8	Apple
E81E92	Huawei
E82689	Aruba
E82AEA	Intel
E83617	Apple
E83935	HP
E83A12	Samsung
E83A97	Toshiba
E83F67	Huawei
E843B6	QNAP
E848B8	TP-LINK
E84D74	Huawei
E84DD0	Huawei
E84E06	EDUP
E84E84	Samsung
E84ECE	Nintendo
E84FA7	Huawei
E8508B	Samsung
E85A8B	Xiaomi
E85B5B	LG
E85F02	Apple
E865D4	Tenda
E86819	Huawei
E86DCB	Samsung
E86DE9	Huawei
E86E44	ZTE
E87865	Apple
E87F6B	Samsung
E87F95	Apple
E8802E	Apple
E88152	Apple
E88175	ZTE
E884A5	Intel
E884C6	Huawei
E8854B	Apple
E88D28	Apple
E89120	Motorola
E892A4	LG
E89309	Samsung
E89363	Nokia
E894F6	TP-LINK
E899C4	HTC
E89D87	Toshiba
E89F39	Nokia
E8A0CD	Nintendo
E8A1F8	ZTE
E8A660	Huawei
E8A6CA	Huawei
E8A72F	Microsoft
E8A730	Apple
E8ABF3	Huawei
E8AC23	Huawei
E8ACAD	ZTE
E8B1FC	Intel
E8B2AC	Apple
E8B4C8	Samsung
E8B541	ZTE
E8B5D0	DELL
E8BBA8	OPPO
E8BDD1	Huawei
E8C1D7	Philips
E8CBA1	Nokia
E8CC18	D-Link
E8CD2D	Huawei
E8D765	Huawei
E8D87E	Amazon
E8D8D1	HP
E8DA20	Nintendo
E8DE27	TP-LINK
E8E0B7	Toshiba
E8E5D6	Samsung
E8EA4D	Huawei
E8EB11	TI
E8F2E2	LG
E8F375	Nokia
E8F408	Intel
E8F654	Huawei
E8F724	HP
E8F791	Xiaomi
E8F9D4	Huawei
E8FA23	Huawei
E8FBE9	Apple
E8FCAF	NETGEAR
E8FD35	Huawei
EA9FB1	Philips
EC01EE	OPPO
EC0273	Aruba
EC086B	TP-LINK
EC08E5	Motorola
EC0BAE	Broadlink
EC0DE4	Amazon
EC107B	Samsung
EC1127	TI
EC172F	TP-LINK
EC1C5D	Siemens
EC1D7F	ZTE
EC1F72	Samsung
EC2125	Toshiba
EC21E5	Toshiba
EC2280	D-Link
EC233D	Huawei
EC237B	ZTE
EC24B8	TI
EC2651	Apple
EC26CA	TP-LINK
EC2A72	DELL
EC2BEB	Amazon
EC2CE2	Apple
EC2E4E	Hitachi
EC30B3	Xiaomi
EC3586	Apple
EC388F	Huawei
EC3A52	Huawei
EC3CBB	Huawei
EC4118	Xiaomi
EC42CC	Apple
EC4D3E	Xiaomi
EC4D47	Huawei
EC50AA	Aruba
EC51BC	OPPO
EC551C	Huawei
EC5623	Huawei
EC59E7	Microsoft
EC6073	TP-LINK
EC63D7	Intel
EC6488	Honor
EC65CC	Panasonic
EC6CB5	ZTE
EC753E	Huawei
EC7949	Fujitsu
EC7C2C	Huawei
EC7CB6	Samsung
EC7D11	vivo
EC819C	Huawei
EC8263	ZTE
EC8350	Microsoft
EC852F	Apple
EC888F	TP-LINK
EC8892	Motorola
EC8914	Huawei
EC89F5	Lenovo
EC8A4C	ZTE
EC8AC4	Amazon
EC8C9A	Huawei
EC8EB5	HP
EC97E0	EZVIZ
EC9A74	HP
EC9B5B	Nokia
EC9B8B	HP
EC9BF3	Samsung
ECA1D1	Huawei
ECA62F	Huawei
ECA907	Apple
ECAA25	Samsung
ECADB8	Apple
ECADE0	D-Link
ECB1D7	HP
ECB5FA	Philips
ECC01B	Huawei
ECC40D	Nintendo
ECC5D2	Huawei
ECC89C	Hikvision
ECCB30	Huawei
ECCED7	Apple
ECD09F	Xiaomi
ECDA59	H3C
ECDF3A	vivo
ECE09B	Samsung
ECE7A7	Intel
ECEBB8	HP
ECF0FE	ZTE
ECF342	OPPO
ECF35B	Nokia
ECF4BB	DELL
ECFA5C	Xiaomi
F008F1	Samsung
F00FEC	Huawei
F01090	H3C
F0182B	LG
F01898	Apple
F01B6C	vivo
F01C13	LG
F01DBC	Microsoft
F01FAF	DELL
F01FC7	Apple
F02475	Apple
F0258E	Huawei
F025B7	Samsung
F0272D	Amazon
F02F4B	Apple
F02F74	ASUS
F02FA7	Huawei
F033E5	Huawei
F03965	Samsung
F03F95	Huawei
F041C87	BlackShark
F0421C	Intel
F042F5	Huawei
F04347	Huawei
F045DA	TI
F04DA2	DELL
F04F7C	Amazon
F05501	Huawei
F057A6	Intel
F05A09	Samsung
F05B7B	Samsung
F05C19	Aruba
F05C77	Google
F05CD5	Apple
F05ECD	TI
F061C0	Aruba
F0625A	realme
F063F9	Huawei
F065AE	Samsung
F06728	OPPO
F06BCA	Samsung
F06C5D	Xiaomi
F06C73	Nokia
F06D78	OPPO
F06E0B	Microsoft
F0704F	Samsung
F0728C	Samsung
F072EA	Google
F0766F	Apple
F077C3	Intel
F07807	Apple
F07959	ASUS
F07960	Apple
F079E8	OPPO
F07D68	D-Link
F08173	Amazon
F084C9	ZTE
F08A76	Samsung
F0921C	HP
F09838	Huawei
F0989D	Apple
F099B6	Apple
F099BF	Apple
F09BB8	Huawei
F09E4A	Intel
F0A225	Amazon
F0A35A	Apple
F0A951	Huawei
F0B0E7	Apple
F0B11D	Nokia
F0B13F	Huawei
F0B2B9	Intel
F0B3EC	Apple
F0B429	Xiaomi
F0B479	Apple
F0B4D2	D-Link
F0B5D1	TI
F0B61E	Intel
F0BF97	SONY
F0C1F1	Apple
F0C371	Apple
F0C42F	Huawei
F0C478	Huawei
F0C77F	TI
F0C850	Huawei
F0C8B5	Huawei
F0CBA1	Apple
F0CD31	Samsung
F0D1A9	Apple
F0D2F1	Amazon
F0D415	Intel
F0D4E2	DELL
F0D5BF	Intel
F0D793	Apple
F0D7AA	Motorola
F0DBE2	Apple
F0DBF8	Apple
F0DCE2	Apple
F0E4A2	Huawei
F0E77E	Samsung
F0EE10	Samsung
F0EF86	Google
F0F0A4	Amazon
F0F336	TP-LINK
F0F564	Samsung
F0F61C	Apple
F0F7E7	Huawei
F0F8F2	TI
F0FAC7	Huawei
F0FEE7	Huawei
F40228	Samsung
F40270	DELL
F40304	Google
F4032A	Amazon
F40343	HP
F40616	Apple
F40669	Intel
F409D8	Samsung
F40E01	Apple
F40E22	Samsung
F40F24	Apple
F41BA1	Apple
F41D6B	Huawei
F41F88	ZTE
F421AE	Xiao Du
F42679	Intel
F42981	vivo
F42A7D	TP-LINK
F42E7F	Aruba
F4308B	Xiaomi
F430B9	HP
F431C3	Apple
F434F0	Apple
F437B7	Apple
F438C1	Huawei
F43909	HP
F43BD8	Intel
F4419E	Huawei
F4428F	Samsung
F44588	Huawei
F44637	Intel
F44C70	Skyworth
F44C7F	Huawei
F44EE3	Intel
F4559C	Huawei
F45C89	Apple
F45EAB	TI
F46077	TI
F460E2	Xiaomi
F4631F	Huawei
F4645D	Toshiba
F465A6	Apple
F46A92	FAST
F46AD7	Microsoft
F46B8C	Foxconn
F46D04	ASUS
F46D2F	TP-LINK
F46D3F	Intel
F46DE2	ZTE
F470AB	vivo
F47190	Samsung
F47488	H3C
F47960	Huawei
F47B09	Intel
F47B5E	Samsung
F47DEF	Samsung
F48139	Canon
F483CD	TP-LINK
F4844C	TI
F4848D	TP-LINK
F487C5	Huawei
F48B32	Xiaomi
F48C50	Intel
F48CEB	D-Link
F48E09	Nokia
F48E38	DELL
F48E92	Huawei
F4939F	Foxconn
F49634	Intel
F49F54	Samsung
F49FF3	Huawei
F4A475	Intel
F4A4D6	Huawei
F4A59D	Huawei
F4A997	Canon
F4AFE7	Apple
F4B1C2	Dahua
F4B301	Intel
F4B5AA	ZTE
F4B78D	Huawei
F4B7B3	vivo
F4B85E	TI
F4B898	TI
F4B8A7	ZTE
F4BEEC	Apple
F4BF80	Huawei
F4C248	Samsung
F4C714	Huawei
F4C88A	Intel
F4CB52	Huawei
F4CE23	Intel
F4CE46	HP
F4D108	Intel
F4D488	Apple
F4D620	OPPO
F4D9FB	Samsung
F4DBE3	Apple
F4DCF9	Huawei
F4DEAF	Huawei
F4E11E	TI
F4E3FB	Huawei
F4E451	Huawei
F4E4AD	ZTE
F4E5F2	Huawei
F4EC38	TP-LINK
F4EE08	DELL
F4EE14	Mercury
F4F15A	Apple
F4F1E1	Motorola
F4F26D	TP-LINK
F4F309	Samsung
F4F524	Motorola
F4F5A5	Nokia
F4F5D8	Google
F4F5DB	Xiaomi
F4F5E8	Google
F4F647	ZTE
F4F951	Apple
F4FBB8	Huawei
F4FC32	TI
F4FEFB	Samsung
F800A1	Huawei
F80113	Huawei
F80377	Apple
F8042E	Samsung
F80CF3	LG
F80D60	Canon
F80DAC	HP
F80DF0	ZTE
F80FF9	Google
F81093	Apple
F81308	Nokia
F81654	Intel
F81A2B	Google
F81A67	TP-LINK
F81EDF	Apple
F81F32	Motorola
F820A9	Huawei
F823B2	Huawei
F82441	yeelink
F82551	EPSON
F82793	Apple
F828C9	Huawei
F82B7F	Huawei
F82D7C	Apple
F82E3F	Huawei
F82F65	Huawei
F83002	TI
F832E4	ASUS
F83331	TI
F83441	Intel
F8369B	TI
F83869	LG
F83880	Apple
F83B7E	Huawei
F83DFF	Huawei
F83E95	Huawei
F83F51	Samsung
F8461C	SONY
F84897	Hitachi
F84ABF	Huawei
F84CDA	Huawei
F84D89	Apple
F84DFC	Hikvision
F84E17	SONY
F84E58	Samsung
F84E73	Apple
F85329	Huawei
F854B8	Amazon
F85548	TI
F856C3	ZTE
F85971	Intel
F85C4D	Nokia
F85E0B	realme
F85EA0	Intel
F85F2A	Nokia
F860F0	Aruba
F86214	Apple
F8633F	Intel
F864B8	ZTE
F8665A	Apple
F86EEE	Huawei
F86FC1	Apple
F87394	NETGEAR
F87588	Huawei
F877B8	Samsung
F884F2	Samsung
F887F1	Apple
F88A5E	TI
F88C21	TP-LINK
F88F07	Samsung
F88FCA	Google
F894C2	Intel
F89522	Huawei
F895C7	LG
F895EA	Apple
F89753	Huawei
F898B9	Huawei
F898EF	Huawei
F89A78	Huawei
F89E94	Intel
F8A26D	Canon
F8A34F	ZTE
F8A45F	Xiaomi
F8A763	Tmall
F8A9D0	LG
F8AB82	Xiaomi
F8AC65	Intel
F8AD24	realme
F8AF05	Huawei
F8B132	Huawei
F8B156	DELL
F8B1DD	Apple
F8B46A	HP
F8B54D	Intel
F8B8B4	Skyworth
F8B95A	LG
F8BAE6	Nokia
F8BC12	DELL
F8BF09	Huawei
F8C39E	Huawei
F8C3CC	Apple
F8CAB8	DELL
F8CFC5	Motorola
F8D027	EPSON
F8D0AC	SONY
F8D0BD	Samsung
F8D111	TP-LINK
F8DB7F	HTC
F8DB88	DELL
F8DFA8	ZTE
F8E079	Motorola
F8E4E3	Intel
F8E61A	Samsung
F8E7A0	vivo
F8E811	Huawei
F8E903	D-Link
F8E94E	Apple
F8F1B6	Motorola
F8F1E6	Samsung
F8F21E	Intel
F8F7B9	Huawei
F8FCE1	Amazon
F8FFC2	Apple
FA63E1	Samsung
FC0012	Toshiba
FC0296	Xiaomi
FC039F	Samsung
FC041C	OPPO
FC084A	Fujitsu
FC0F4B	TI
FC0FE6	SONY
FC1193	Huawei
FC122C	Huawei
FC15B4	HP
FC183C	Apple
FC1910	Samsung
FC1999	Xiaomi
FC1A11	vivo
FC1BD1	Huawei
FC1CA1	Nokia
FC1D2A	vivo
FC1D43	Apple
FC1F19	Samsung
FC253F	Apple
FC2A9C	Apple
FC2D5E	ZTE
FC2FAA	Nokia
FC3497	ASUS
FC3F7C	Huawei
FC3FDB	HP
FC4009	ZTE
FC4203	Samsung
FC4265	Tmall
FC4482	Intel
FC449F	ZTE
FC45C3	TI
FC48EF	Huawei
FC492D	Amazon
FC4DA6	Huawei
FC4EA4	Apple
FC5F49	Dahua
FC609B	H3C
FC643A	Samsung
FC64BA	Xiaomi
FC65B3	Huawei
FC65DE	Amazon
FC66CF	Apple
FC6947	TI
FC73FB	Huawei
FC7516	D-Link
FC7774	Intel
FC790B	Hitachi
FC7FF1	Aruba
FC8417	Honor
FC862A	Huawei
FC8743	Huawei
FC8A3D	ZTE
FC8F90	Samsung
FC923B	Nokia
FC9435	Huawei
FC94CE	ZTE
FCA13E	Samsung
FCA183	Amazon
FCA47A0	Broadcom
FCA5D0	OPPO
FCA621	Samsung
FCA667	Amazon
FCA89B	TI
FCAA81	Apple
FCAAB6	Samsung
FCAB90	Huawei
FCB3BC	Intel
FCB69D	Dahua
FCB6D8	Apple
FCBCD1	Huawei
FCBE7B	vivo
FCC233	ASUS
FCC734	Samsung
FCC897	ZTE
FCCD2F0	BULL
FCCF62	IBM
FCD436	Motorola
FCD733	TP-LINK
FCD848	Apple
FCD908	Xiaomi
FCDE90	Samsung
FCE26C	Apple
FCE33C	Huawei
FCE557	Nokia
FCE998	Apple
FCF136	Samsung
FCF152	SONY
FCF77B	Huawei
FCF8AE	Intel
FCFC48	Apple
FCFE77	Hitachi